departure;compatibleCategory;
Dep1;Cat1;
Dep1;Cat6;
Dep1;Cat7;
Dep2;Cat1;
Dep2;Cat6;
Dep2;Cat7;
Dep3;Cat1;
Dep3;Cat6;
Dep3;Cat7;
Dep4;Cat10;
Dep5;Cat3;
Dep5;Cat4;
Dep5;Cat5;
Dep6;Cat10;
Dep7;Cat1;
Dep7;Cat6;
Dep7;Cat7;
Dep8;Cat1;
Dep8;Cat6;
Dep8;Cat7;
Dep9;Cat1;
Dep9;Cat6;
Dep9;Cat7;
Dep10;Cat1;
Dep10;Cat6;
Dep10;Cat7;
Dep11;Cat1;
Dep11;Cat6;
Dep11;Cat7;
Dep12;Cat10;
Dep13;Cat1;
Dep13;Cat6;
Dep13;Cat7;
Dep14;Cat10;
Dep15;Cat9;
Dep16;Cat9;
Dep17;Cat1;
Dep17;Cat6;
Dep17;Cat7;
Dep18;Cat1;
Dep18;Cat6;
Dep18;Cat7;
Dep19;Cat3;
Dep19;Cat4;
Dep19;Cat5;
Dep20;Cat3;
Dep20;Cat4;
Dep20;Cat5;
Dep21;Cat12;
Dep22;Cat1;
Dep22;Cat6;
Dep22;Cat7;
Dep23;Cat1;
Dep23;Cat6;
Dep23;Cat7;
Dep24;Cat3;
Dep24;Cat4;
Dep24;Cat5;
Dep25;Cat1;
Dep25;Cat6;
Dep25;Cat7;
Dep26;Cat3;
Dep26;Cat4;
Dep26;Cat5;
Dep27;Cat10;
Dep28;Cat1;
Dep28;Cat6;
Dep28;Cat7;
Dep29;Cat1;
Dep29;Cat6;
Dep29;Cat7;
Dep30;Cat1;
Dep30;Cat6;
Dep30;Cat7;
Dep31;Cat3;
Dep31;Cat4;
Dep31;Cat5;
Dep32;Cat1;
Dep32;Cat6;
Dep32;Cat7;
Dep33;Cat10;
Dep34;Cat2;
Dep35;Cat2;
Dep36;Cat1;
Dep36;Cat6;
Dep36;Cat7;
Dep37;Cat1;
Dep37;Cat6;
Dep37;Cat7;
Dep38;Cat1;
Dep38;Cat6;
Dep38;Cat7;
Dep39;Cat1;
Dep39;Cat6;
Dep39;Cat7;
Dep40;Cat13;
Dep41;Cat1;
Dep41;Cat6;
Dep41;Cat7;
Dep42;Cat9;
Dep43;Cat9;
Dep44;Cat1;
Dep44;Cat6;
Dep44;Cat7;
Dep45;Cat2;
Dep46;Cat2;
Dep47;Cat1;
Dep47;Cat6;
Dep47;Cat7;
Dep48;Cat10;
Dep49;Cat1;
Dep49;Cat6;
Dep49;Cat7;
Dep50;Cat3;
Dep50;Cat4;
Dep50;Cat5;
Dep51;Cat1;
Dep51;Cat6;
Dep51;Cat7;
Dep52;Cat9;
Dep53;Cat9;
Dep54;Cat12;
Dep55;Cat12;
Dep56;Cat1;
Dep56;Cat6;
Dep56;Cat7;
Dep57;Cat10;
Dep58;Cat1;
Dep58;Cat6;
Dep58;Cat7;
Dep59;Cat12;
Dep60;Cat1;
Dep60;Cat6;
Dep60;Cat7;
Dep61;Cat1;
Dep61;Cat6;
Dep61;Cat7;
Dep62;Cat10;
Dep63;Cat12;
Dep64;Cat3;
Dep64;Cat4;
Dep64;Cat5;
Dep65;Cat3;
Dep65;Cat4;
Dep65;Cat5;
Dep66;Cat1;
Dep66;Cat6;
Dep66;Cat7;
Dep67;Cat1;
Dep67;Cat6;
Dep67;Cat7;
Dep68;Cat3;
Dep68;Cat4;
Dep68;Cat5;
Dep69;Cat10;
Dep70;Cat10;
Dep71;Cat1;
Dep71;Cat6;
Dep71;Cat7;
Dep72;Cat10;
Dep73;Cat10;
Dep74;Cat1;
Dep74;Cat6;
Dep74;Cat7;
Dep75;Cat1;
Dep75;Cat6;
Dep75;Cat7;
Dep76;Cat10;
Dep77;Cat1;
Dep77;Cat6;
Dep77;Cat7;
Dep78;Cat3;
Dep78;Cat4;
Dep78;Cat5;
Dep79;Cat1;
Dep79;Cat6;
Dep79;Cat7;
Dep80;Cat2;
Dep81;Cat1;
Dep81;Cat6;
Dep81;Cat7;
Dep82;Cat1;
Dep82;Cat6;
Dep82;Cat7;
Dep83;Cat1;
Dep83;Cat6;
Dep83;Cat7;
Dep84;Cat1;
Dep84;Cat6;
Dep84;Cat7;
Dep85;Cat3;
Dep85;Cat4;
Dep85;Cat5;
Dep86;Cat3;
Dep86;Cat4;
Dep86;Cat5;
Dep87;Cat10;
Dep88;Cat10;
Dep89;Cat1;
Dep89;Cat6;
Dep89;Cat7;
Dep90;Cat1;
Dep90;Cat6;
Dep90;Cat7;
Dep91;Cat1;
Dep91;Cat6;
Dep91;Cat7;
Dep92;Cat12;
Dep93;Cat2;
Dep94;Cat3;
Dep94;Cat4;
Dep94;Cat5;
Dep95;Cat1;
Dep95;Cat6;
Dep95;Cat7;
Dep96;Cat10;
Dep97;Cat10;
Dep98;Cat1;
Dep98;Cat6;
Dep98;Cat7;
Dep99;Cat1;
Dep99;Cat6;
Dep99;Cat7;
Dep100;Cat3;
Dep100;Cat4;
Dep100;Cat5;
Dep101;Cat1;
Dep101;Cat6;
Dep101;Cat7;
Dep102;Cat1;
Dep102;Cat6;
Dep102;Cat7;
Dep103;Cat1;
Dep103;Cat6;
Dep103;Cat7;
Dep104;Cat3;
Dep104;Cat4;
Dep104;Cat5;
Dep105;Cat3;
Dep105;Cat4;
Dep105;Cat5;
Dep106;Cat10;
Dep107;Cat10;
Dep108;Cat1;
Dep108;Cat6;
Dep108;Cat7;
Dep109;Cat9;
Dep110;Cat9;
Dep111;Cat3;
Dep111;Cat4;
Dep111;Cat5;
Dep112;Cat1;
Dep112;Cat6;
Dep112;Cat7;
Dep113;Cat3;
Dep113;Cat4;
Dep113;Cat5;
Dep114;Cat3;
Dep114;Cat4;
Dep114;Cat5;
Dep115;Cat1;
Dep115;Cat6;
Dep115;Cat7;
Dep116;Cat3;
Dep116;Cat4;
Dep116;Cat5;
Dep117;Cat3;
Dep117;Cat4;
Dep117;Cat5;
Dep118;Cat2;
Dep119;Cat10;
Dep120;Cat10;
Dep121;Cat1;
Dep121;Cat6;
Dep121;Cat7;
Dep122;Cat10;
Dep123;Cat10;
Dep124;Cat10;
Dep125;Cat10;
Dep126;Cat1;
Dep126;Cat6;
Dep126;Cat7;
Dep127;Cat1;
Dep127;Cat6;
Dep127;Cat7;
Dep128;Cat1;
Dep128;Cat6;
Dep128;Cat7;
Dep129;Cat1;
Dep129;Cat6;
Dep129;Cat7;
Dep130;Cat1;
Dep130;Cat6;
Dep130;Cat7;
Dep131;Cat1;
Dep131;Cat6;
Dep131;Cat7;
Dep132;Cat1;
Dep132;Cat6;
Dep132;Cat7;
Dep133;Cat10;
Dep134;Cat12;
Dep135;Cat12;
Dep136;Cat1;
Dep136;Cat6;
Dep136;Cat7;
Dep137;Cat3;
Dep137;Cat4;
Dep137;Cat5;
Dep138;Cat3;
Dep138;Cat4;
Dep138;Cat5;
Dep139;Cat2;
Dep140;Cat10;
Dep141;Cat3;
Dep141;Cat4;
Dep141;Cat5;
Dep142;Cat1;
Dep142;Cat6;
Dep142;Cat7;
Dep143;Cat1;
Dep143;Cat6;
Dep143;Cat7;
Dep144;Cat1;
Dep144;Cat6;
Dep144;Cat7;
Dep145;Cat1;
Dep145;Cat6;
Dep145;Cat7;
Dep146;Cat3;
Dep146;Cat4;
Dep146;Cat5;
Dep147;Cat1;
Dep147;Cat6;
Dep147;Cat7;
Dep148;Cat3;
Dep148;Cat4;
Dep148;Cat5;
Dep149;Cat1;
Dep149;Cat6;
Dep149;Cat7;
Dep150;Cat1;
Dep150;Cat6;
Dep150;Cat7;
Dep151;Cat3;
Dep151;Cat4;
Dep151;Cat5;
Dep152;Cat3;
Dep152;Cat4;
Dep152;Cat5;
Dep153;Cat1;
Dep153;Cat6;
Dep153;Cat7;
Dep154;Cat2;
Dep155;Cat1;
Dep155;Cat6;
Dep155;Cat7;
Dep156;Cat1;
Dep156;Cat6;
Dep156;Cat7;
Dep157;Cat10;
Dep158;Cat11;
Dep159;Cat1;
Dep159;Cat6;
Dep159;Cat7;
Dep160;Cat3;
Dep160;Cat4;
Dep160;Cat5;
Dep161;Cat3;
Dep161;Cat4;
Dep161;Cat5;
Dep162;Cat2;
Dep163;Cat2;
Dep164;Cat10;
Dep165;Cat2;
Dep166;Cat3;
Dep166;Cat4;
Dep166;Cat5;
Dep167;Cat3;
Dep167;Cat4;
Dep167;Cat5;
Dep168;Cat1;
Dep168;Cat6;
Dep168;Cat7;
Dep169;Cat1;
Dep169;Cat6;
Dep169;Cat7;
Dep170;Cat1;
Dep170;Cat6;
Dep170;Cat7;
Dep171;Cat3;
Dep171;Cat4;
Dep171;Cat5;
Dep172;Cat1;
Dep172;Cat6;
Dep172;Cat7;
Dep173;Cat10;
Dep174;Cat1;
Dep174;Cat6;
Dep174;Cat7;
Dep175;Cat1;
Dep175;Cat6;
Dep175;Cat7;
Dep176;Cat3;
Dep176;Cat4;
Dep176;Cat5;
Dep177;Cat10;
Dep178;Cat11;
Dep179;Cat1;
Dep179;Cat6;
Dep179;Cat7;
Dep180;Cat3;
Dep180;Cat4;
Dep180;Cat5;
Dep181;Cat1;
Dep181;Cat6;
Dep181;Cat7;
Dep182;Cat2;
Dep183;Cat3;
Dep183;Cat4;
Dep183;Cat5;
Dep184;Cat3;
Dep184;Cat4;
Dep184;Cat5;
Dep185;Cat10;
Dep186;Cat1;
Dep186;Cat6;
Dep186;Cat7;
Dep187;Cat1;
Dep187;Cat6;
Dep187;Cat7;
Dep188;Cat1;
Dep188;Cat6;
Dep188;Cat7;
Dep189;Cat1;
Dep189;Cat6;
Dep189;Cat7;
Dep190;Cat1;
Dep190;Cat6;
Dep190;Cat7;
Dep191;Cat3;
Dep191;Cat4;
Dep191;Cat5;
Dep192;Cat3;
Dep192;Cat4;
Dep192;Cat5;
Dep193;Cat1;
Dep193;Cat6;
Dep193;Cat7;
Dep194;Cat3;
Dep194;Cat4;
Dep194;Cat5;
Dep195;Cat3;
Dep195;Cat4;
Dep195;Cat5;
Dep196;Cat1;
Dep196;Cat6;
Dep196;Cat7;
Dep197;Cat3;
Dep197;Cat4;
Dep197;Cat5;
Dep198;Cat1;
Dep198;Cat6;
Dep198;Cat7;
Dep199;Cat10;
Dep200;Cat10;
Dep201;Cat1;
Dep201;Cat6;
Dep201;Cat7;
Dep202;Cat1;
Dep202;Cat6;
Dep202;Cat7;
Dep203;Cat1;
Dep203;Cat6;
Dep203;Cat7;
Dep204;Cat12;
Dep205;Cat1;
Dep205;Cat6;
Dep205;Cat7;
Dep206;Cat1;
Dep206;Cat6;
Dep206;Cat7;
Dep207;Cat1;
Dep207;Cat6;
Dep207;Cat7;
Dep208;Cat10;
Dep209;Cat3;
Dep209;Cat4;
Dep209;Cat5;
Dep210;Cat3;
Dep210;Cat4;
Dep210;Cat5;
Dep211;Cat1;
Dep211;Cat6;
Dep211;Cat7;
Dep212;Cat3;
Dep212;Cat4;
Dep212;Cat5;
Dep213;Cat3;
Dep213;Cat4;
Dep213;Cat5;
Dep214;Cat1;
Dep214;Cat6;
Dep214;Cat7;
Dep215;Cat1;
Dep215;Cat6;
Dep215;Cat7;
Dep216;Cat3;
Dep216;Cat4;
Dep216;Cat5;
Dep217;Cat3;
Dep217;Cat4;
Dep217;Cat5;
Dep218;Cat1;
Dep218;Cat6;
Dep218;Cat7;
Dep219;Cat3;
Dep219;Cat4;
Dep219;Cat5;
Dep220;Cat1;
Dep220;Cat6;
Dep220;Cat7;
Dep221;Cat1;
Dep221;Cat6;
Dep221;Cat7;
Dep222;Cat1;
Dep222;Cat6;
Dep222;Cat7;
Dep223;Cat3;
Dep223;Cat4;
Dep223;Cat5;
Dep224;Cat10;
Dep225;Cat10;
Dep226;Cat1;
Dep226;Cat6;
Dep226;Cat7;
Dep227;Cat1;
Dep227;Cat6;
Dep227;Cat7;
Dep228;Cat1;
Dep228;Cat6;
Dep228;Cat7;
Dep229;Cat1;
Dep229;Cat6;
Dep229;Cat7;
Dep230;Cat1;
Dep230;Cat6;
Dep230;Cat7;
Dep231;Cat1;
Dep231;Cat6;
Dep231;Cat7;
Dep232;Cat1;
Dep232;Cat6;
Dep232;Cat7;
Dep233;Cat10;
Dep234;Cat10;
Dep235;Cat1;
Dep235;Cat6;
Dep235;Cat7;
Dep236;Cat3;
Dep236;Cat4;
Dep236;Cat5;
Dep237;Cat3;
Dep237;Cat4;
Dep237;Cat5;
Dep238;Cat1;
Dep238;Cat6;
Dep238;Cat7;
Dep239;Cat1;
Dep239;Cat6;
Dep239;Cat7;
Dep240;Cat1;
Dep240;Cat6;
Dep240;Cat7;
Dep241;Cat12;
Dep242;Cat1;
Dep242;Cat6;
Dep242;Cat7;
Dep243;Cat1;
Dep243;Cat6;
Dep243;Cat7;
Dep244;Cat1;
Dep244;Cat6;
Dep244;Cat7;
Dep245;Cat1;
Dep245;Cat6;
Dep245;Cat7;
Dep246;Cat3;
Dep246;Cat4;
Dep246;Cat5;
Dep247;Cat3;
Dep247;Cat4;
Dep247;Cat5;
Dep248;Cat10;
Dep249;Cat1;
Dep249;Cat6;
Dep249;Cat7;
Dep250;Cat1;
Dep250;Cat6;
Dep250;Cat7;
Dep251;Cat1;
Dep251;Cat6;
Dep251;Cat7;
Dep252;Cat3;
Dep252;Cat4;
Dep252;Cat5;
Dep253;Cat1;
Dep253;Cat6;
Dep253;Cat7;
Dep254;Cat10;
Dep255;Cat1;
Dep255;Cat6;
Dep255;Cat7;
Dep256;Cat1;
Dep256;Cat6;
Dep256;Cat7;
Dep257;Cat1;
Dep257;Cat6;
Dep257;Cat7;
Dep258;Cat13;
Dep259;Cat9;
Dep260;Cat1;
Dep260;Cat6;
Dep260;Cat7;
Dep261;Cat2;
Dep262;Cat2;
Dep263;Cat1;
Dep263;Cat6;
Dep263;Cat7;
Dep264;Cat10;
Dep265;Cat1;
Dep265;Cat6;
Dep265;Cat7;
Dep266;Cat3;
Dep266;Cat4;
Dep266;Cat5;
Dep267;Cat1;
Dep267;Cat6;
Dep267;Cat7;
Dep268;Cat12;
Dep269;Cat12;
Dep270;Cat10;
Dep271;Cat10;
Dep272;Cat12;
Dep273;Cat12;
Dep274;Cat1;
Dep274;Cat6;
Dep274;Cat7;
Dep275;Cat1;
Dep275;Cat6;
Dep275;Cat7;
Dep276;Cat1;
Dep276;Cat6;
Dep276;Cat7;
Dep277;Cat1;
Dep277;Cat6;
Dep277;Cat7;
Dep278;Cat10;
Dep279;Cat12;
Dep280;Cat1;
Dep280;Cat6;
Dep280;Cat7;
Dep281;Cat1;
Dep281;Cat6;
Dep281;Cat7;
Dep282;Cat3;
Dep282;Cat4;
Dep282;Cat5;
Dep283;Cat3;
Dep283;Cat4;
Dep283;Cat5;
Dep284;Cat12;
Dep285;Cat3;
Dep285;Cat4;
Dep285;Cat5;
Dep286;Cat3;
Dep286;Cat4;
Dep286;Cat5;
Dep287;Cat10;
Dep288;Cat1;
Dep288;Cat6;
Dep288;Cat7;
Dep289;Cat1;
Dep289;Cat6;
Dep289;Cat7;
Dep290;Cat1;
Dep290;Cat6;
Dep290;Cat7;
Dep291;Cat1;
Dep291;Cat6;
Dep291;Cat7;
Dep292;Cat10;
Dep293;Cat10;
Dep294;Cat1;
Dep294;Cat6;
Dep294;Cat7;
Dep295;Cat1;
Dep295;Cat6;
Dep295;Cat7;
Dep296;Cat2;
Dep297;Cat1;
Dep297;Cat6;
Dep297;Cat7;
Dep298;Cat1;
Dep298;Cat6;
Dep298;Cat7;
Dep299;Cat3;
Dep299;Cat4;
Dep299;Cat5;
Dep300;Cat3;
Dep300;Cat4;
Dep300;Cat5;
Dep301;Cat10;
Dep302;Cat1;
Dep302;Cat6;
Dep302;Cat7;
Dep303;Cat1;
Dep303;Cat6;
Dep303;Cat7;
Dep304;Cat1;
Dep304;Cat6;
Dep304;Cat7;
Dep305;Cat12;
Dep306;Cat10;
Dep307;Cat3;
Dep307;Cat4;
Dep307;Cat5;
Dep308;Cat1;
Dep308;Cat6;
Dep308;Cat7;
Dep309;Cat10;
Dep310;Cat10;
Dep311;Cat1;
Dep311;Cat6;
Dep311;Cat7;
Dep312;Cat1;
Dep312;Cat6;
Dep312;Cat7;
Dep313;Cat10;
Dep314;Cat10;
Dep315;Cat1;
Dep315;Cat6;
Dep315;Cat7;
Dep316;Cat3;
Dep316;Cat4;
Dep316;Cat5;
Dep317;Cat3;
Dep317;Cat4;
Dep317;Cat5;
Dep318;Cat10;
Dep319;Cat10;
Dep320;Cat10;
Dep321;Cat1;
Dep321;Cat6;
Dep321;Cat7;
Dep322;Cat1;
Dep322;Cat6;
Dep322;Cat7;
Dep323;Cat1;
Dep323;Cat6;
Dep323;Cat7;
Dep324;Cat3;
Dep324;Cat4;
Dep324;Cat5;
Dep325;Cat3;
Dep325;Cat4;
Dep325;Cat5;
Dep326;Cat1;
Dep326;Cat6;
Dep326;Cat7;
Dep327;Cat1;
Dep327;Cat6;
Dep327;Cat7;
Dep328;Cat3;
Dep328;Cat4;
Dep328;Cat5;
Dep329;Cat3;
Dep329;Cat4;
Dep329;Cat5;
Dep330;Cat10;
Dep331;Cat10;
Dep332;Cat10;
Dep333;Cat1;
Dep333;Cat6;
Dep333;Cat7;
Dep334;Cat3;
Dep334;Cat4;
Dep334;Cat5;
Dep335;Cat1;
Dep335;Cat6;
Dep335;Cat7;
Dep336;Cat10;
Dep337;Cat1;
Dep337;Cat6;
Dep337;Cat7;
Dep338;Cat1;
Dep338;Cat6;
Dep338;Cat7;
Dep339;Cat1;
Dep339;Cat6;
Dep339;Cat7;
Dep340;Cat1;
Dep340;Cat6;
Dep340;Cat7;
Dep341;Cat1;
Dep341;Cat6;
Dep341;Cat7;
Dep342;Cat10;
Dep343;Cat12;
Dep344;Cat9;
Dep345;Cat9;
Dep346;Cat1;
Dep346;Cat6;
Dep346;Cat7;
Dep347;Cat2;
Dep348;Cat3;
Dep348;Cat4;
Dep348;Cat5;
Dep349;Cat3;
Dep349;Cat4;
Dep349;Cat5;
Dep350;Cat3;
Dep350;Cat4;
Dep350;Cat5;
Dep351;Cat1;
Dep351;Cat6;
Dep351;Cat7;
Dep352;Cat1;
Dep352;Cat6;
Dep352;Cat7;
Dep353;Cat1;
Dep353;Cat6;
Dep353;Cat7;
Dep354;Cat1;
Dep354;Cat6;
Dep354;Cat7;
Dep355;Cat1;
Dep355;Cat6;
Dep355;Cat7;
Dep356;Cat3;
Dep356;Cat4;
Dep356;Cat5;
Dep357;Cat1;
Dep357;Cat6;
Dep357;Cat7;
Dep358;Cat3;
Dep358;Cat4;
Dep358;Cat5;
Dep359;Cat3;
Dep359;Cat4;
Dep359;Cat5;
Dep360;Cat3;
Dep360;Cat4;
Dep360;Cat5;
Dep361;Cat3;
Dep361;Cat4;
Dep361;Cat5;
Dep362;Cat3;
Dep362;Cat4;
Dep362;Cat5;
Dep363;Cat2;
Dep364;Cat1;
Dep364;Cat6;
Dep364;Cat7;
Dep365;Cat11;
Dep366;Cat3;
Dep366;Cat4;
Dep366;Cat5;
Dep367;Cat3;
Dep367;Cat4;
Dep367;Cat5;
Dep368;Cat1;
Dep368;Cat6;
Dep368;Cat7;
Dep369;Cat2;
Dep370;Cat2;
Dep371;Cat10;
Dep372;Cat3;
Dep372;Cat4;
Dep372;Cat5;
Dep373;Cat3;
Dep373;Cat4;
Dep373;Cat5;
Dep374;Cat1;
Dep374;Cat6;
Dep374;Cat7;
Dep375;Cat1;
Dep375;Cat6;
Dep375;Cat7;
Dep376;Cat1;
Dep376;Cat6;
Dep376;Cat7;
Dep377;Cat2;
Dep378;Cat1;
Dep378;Cat6;
Dep378;Cat7;
Dep379;Cat1;
Dep379;Cat6;
Dep379;Cat7;
Dep380;Cat3;
Dep380;Cat4;
Dep380;Cat5;
Dep381;Cat1;
Dep381;Cat6;
Dep381;Cat7;
Dep382;Cat10;
Dep383;Cat10;
Dep384;Cat1;
Dep384;Cat6;
Dep384;Cat7;
Dep385;Cat3;
Dep385;Cat4;
Dep385;Cat5;
Dep386;Cat11;
Dep387;Cat1;
Dep387;Cat6;
Dep387;Cat7;
Dep388;Cat1;
Dep388;Cat6;
Dep388;Cat7;
Dep389;Cat3;
Dep389;Cat4;
Dep389;Cat5;
Dep390;Cat3;
Dep390;Cat4;
Dep390;Cat5;
Dep391;Cat2;
Dep392;Cat10;
Dep393;Cat1;
Dep393;Cat6;
Dep393;Cat7;
Dep394;Cat1;
Dep394;Cat6;
Dep394;Cat7;
Dep395;Cat1;
Dep395;Cat6;
Dep395;Cat7;
Dep396;Cat1;
Dep396;Cat6;
Dep396;Cat7;
Dep397;Cat1;
Dep397;Cat6;
Dep397;Cat7;
Dep398;Cat3;
Dep398;Cat4;
Dep398;Cat5;
Dep399;Cat3;
Dep399;Cat4;
Dep399;Cat5;
Dep400;Cat3;
Dep400;Cat4;
Dep400;Cat5;
Dep401;Cat1;
Dep401;Cat6;
Dep401;Cat7;
Dep402;Cat10;
Dep403;Cat3;
Dep403;Cat4;
Dep403;Cat5;
Dep404;Cat3;
Dep404;Cat4;
Dep404;Cat5;
Dep405;Cat3;
Dep405;Cat4;
Dep405;Cat5;
Dep406;Cat3;
Dep406;Cat4;
Dep406;Cat5;
Dep407;Cat1;
Dep407;Cat6;
Dep407;Cat7;
Dep408;Cat12;
Dep409;Cat1;
Dep409;Cat6;
Dep409;Cat7;
Dep410;Cat3;
Dep410;Cat4;
Dep410;Cat5;
Dep411;Cat10;
Dep412;Cat10;
Dep413;Cat1;
Dep413;Cat6;
Dep413;Cat7;
Dep414;Cat1;
Dep414;Cat6;
Dep414;Cat7;
Dep415;Cat12;
Dep416;Cat1;
Dep416;Cat6;
Dep416;Cat7;
Dep417;Cat1;
Dep417;Cat6;
Dep417;Cat7;
Dep418;Cat1;
Dep418;Cat6;
Dep418;Cat7;
Dep419;Cat10;
Dep420;Cat1;
Dep420;Cat6;
Dep420;Cat7;
Dep421;Cat3;
Dep421;Cat4;
Dep421;Cat5;
Dep422;Cat3;
Dep422;Cat4;
Dep422;Cat5;
Dep423;Cat1;
Dep423;Cat6;
Dep423;Cat7;
Dep424;Cat3;
Dep424;Cat4;
Dep424;Cat5;
Dep425;Cat3;
Dep425;Cat4;
Dep425;Cat5;
Dep426;Cat1;
Dep426;Cat6;
Dep426;Cat7;
Dep427;Cat1;
Dep427;Cat6;
Dep427;Cat7;
Dep428;Cat3;
Dep428;Cat4;
Dep428;Cat5;
Dep429;Cat3;
Dep429;Cat4;
Dep429;Cat5;
Dep430;Cat3;
Dep430;Cat4;
Dep430;Cat5;
Dep431;Cat1;
Dep431;Cat6;
Dep431;Cat7;
Dep432;Cat3;
Dep432;Cat4;
Dep432;Cat5;
Dep433;Cat3;
Dep433;Cat4;
Dep433;Cat5;
Dep434;Cat1;
Dep434;Cat6;
Dep434;Cat7;
Dep435;Cat1;
Dep435;Cat6;
Dep435;Cat7;
Dep436;Cat1;
Dep436;Cat6;
Dep436;Cat7;
Dep437;Cat1;
Dep437;Cat6;
Dep437;Cat7;
Dep438;Cat3;
Dep438;Cat4;
Dep438;Cat5;
Dep439;Cat10;
Dep440;Cat1;
Dep440;Cat6;
Dep440;Cat7;
Dep441;Cat1;
Dep441;Cat6;
Dep441;Cat7;
Dep442;Cat1;
Dep442;Cat6;
Dep442;Cat7;
Dep443;Cat1;
Dep443;Cat6;
Dep443;Cat7;
Dep444;Cat1;
Dep444;Cat6;
Dep444;Cat7;
Dep445;Cat1;
Dep445;Cat6;
Dep445;Cat7;
Dep446;Cat1;
Dep446;Cat6;
Dep446;Cat7;
Dep447;Cat10;
Dep448;Cat1;
Dep448;Cat6;
Dep448;Cat7;
Dep449;Cat10;
Dep450;Cat1;
Dep450;Cat6;
Dep450;Cat7;
Dep451;Cat1;
Dep451;Cat6;
Dep451;Cat7;
Dep452;Cat3;
Dep452;Cat4;
Dep452;Cat5;
Dep453;Cat3;
Dep453;Cat4;
Dep453;Cat5;
Dep454;Cat1;
Dep454;Cat6;
Dep454;Cat7;
Dep455;Cat12;
Dep456;Cat1;
Dep456;Cat6;
Dep456;Cat7;
Dep457;Cat1;
Dep457;Cat6;
Dep457;Cat7;
Dep458;Cat3;
Dep458;Cat4;
Dep458;Cat5;
Dep459;Cat1;
Dep459;Cat6;
Dep459;Cat7;
Dep460;Cat1;
Dep460;Cat6;
Dep460;Cat7;
Dep461;Cat3;
Dep461;Cat4;
Dep461;Cat5;
Dep462;Cat10;
Dep463;Cat1;
Dep463;Cat6;
Dep463;Cat7;
Dep464;Cat1;
Dep464;Cat6;
Dep464;Cat7;
Dep465;Cat10;
Dep466;Cat3;
Dep466;Cat4;
Dep466;Cat5;
Dep467;Cat3;
Dep467;Cat4;
Dep467;Cat5;
Dep468;Cat1;
Dep468;Cat6;
Dep468;Cat7;
Dep469;Cat10;
Dep470;Cat3;
Dep470;Cat4;
Dep470;Cat5;
Dep471;Cat1;
Dep471;Cat6;
Dep471;Cat7;
Dep472;Cat1;
Dep472;Cat6;
Dep472;Cat7;
Dep473;Cat1;
Dep473;Cat6;
Dep473;Cat7;
Dep474;Cat3;
Dep474;Cat4;
Dep474;Cat5;
Dep475;Cat1;
Dep475;Cat6;
Dep475;Cat7;
Dep476;Cat1;
Dep476;Cat6;
Dep476;Cat7;
Dep477;Cat13;
Dep478;Cat9;
Dep479;Cat9;
Dep480;Cat1;
Dep480;Cat6;
Dep480;Cat7;
Dep481;Cat2;
Dep482;Cat2;
Dep483;Cat1;
Dep483;Cat6;
Dep483;Cat7;
Dep484;Cat10;
Dep485;Cat1;
Dep485;Cat6;
Dep485;Cat7;
Dep486;Cat3;
Dep486;Cat4;
Dep486;Cat5;
Dep487;Cat1;
Dep487;Cat6;
Dep487;Cat7;
Dep488;Cat12;
Dep489;Cat10;
Dep490;Cat2;
Dep491;Cat1;
Dep491;Cat6;
Dep491;Cat7;
Dep492;Cat12;
Dep493;Cat1;
Dep493;Cat6;
Dep493;Cat7;
Dep494;Cat1;
Dep494;Cat6;
Dep494;Cat7;
Dep495;Cat10;
Dep496;Cat12;
Dep497;Cat12;
Dep498;Cat1;
Dep498;Cat6;
Dep498;Cat7;
Dep499;Cat3;
Dep499;Cat4;
Dep499;Cat5;
Dep500;Cat3;
Dep500;Cat4;
Dep500;Cat5;
Dep501;Cat1;
Dep501;Cat6;
Dep501;Cat7;
Dep502;Cat3;
Dep502;Cat4;
Dep502;Cat5;
Dep503;Cat10;
Dep504;Cat1;
Dep504;Cat6;
Dep504;Cat7;
Dep505;Cat1;
Dep505;Cat6;
Dep505;Cat7;
Dep506;Cat3;
Dep506;Cat4;
Dep506;Cat5;
Dep507;Cat3;
Dep507;Cat4;
Dep507;Cat5;
Dep508;Cat12;
Dep509;Cat1;
Dep509;Cat6;
Dep509;Cat7;
Dep510;Cat1;
Dep510;Cat6;
Dep510;Cat7;
Dep511;Cat10;
Dep512;Cat1;
Dep512;Cat6;
Dep512;Cat7;
Dep513;Cat2;
Dep514;Cat1;
Dep514;Cat6;
Dep514;Cat7;
Dep515;Cat1;
Dep515;Cat6;
Dep515;Cat7;
Dep516;Cat3;
Dep516;Cat4;
Dep516;Cat5;
Dep517;Cat3;
Dep517;Cat4;
Dep517;Cat5;
Dep518;Cat10;
Dep519;Cat1;
Dep519;Cat6;
Dep519;Cat7;
Dep520;Cat1;
Dep520;Cat6;
Dep520;Cat7;
Dep521;Cat1;
Dep521;Cat6;
Dep521;Cat7;
Dep522;Cat2;
Dep523;Cat12;
Dep524;Cat3;
Dep524;Cat4;
Dep524;Cat5;
Dep525;Cat3;
Dep525;Cat4;
Dep525;Cat5;
Dep526;Cat3;
Dep526;Cat4;
Dep526;Cat5;
Dep527;Cat3;
Dep527;Cat4;
Dep527;Cat5;
Dep528;Cat1;
Dep528;Cat6;
Dep528;Cat7;
Dep529;Cat10;
Dep530;Cat10;
Dep531;Cat1;
Dep531;Cat6;
Dep531;Cat7;
Dep532;Cat10;
Dep533;Cat1;
Dep533;Cat6;
Dep533;Cat7;
Dep534;Cat1;
Dep534;Cat6;
Dep534;Cat7;
Dep535;Cat1;
Dep535;Cat6;
Dep535;Cat7;
Dep536;Cat3;
Dep536;Cat4;
Dep536;Cat5;
Dep537;Cat3;
Dep537;Cat4;
Dep537;Cat5;
Dep538;Cat10;
Dep539;Cat10;
Dep540;Cat10;
Dep541;Cat1;
Dep541;Cat6;
Dep541;Cat7;
Dep542;Cat1;
Dep542;Cat6;
Dep542;Cat7;
Dep543;Cat3;
Dep543;Cat4;
Dep543;Cat5;
Dep544;Cat3;
Dep544;Cat4;
Dep544;Cat5;
Dep545;Cat10;
Dep546;Cat1;
Dep546;Cat6;
Dep546;Cat7;
Dep547;Cat1;
Dep547;Cat6;
Dep547;Cat7;
Dep548;Cat1;
Dep548;Cat6;
Dep548;Cat7;
Dep549;Cat3;
Dep549;Cat4;
Dep549;Cat5;
Dep550;Cat3;
Dep550;Cat4;
Dep550;Cat5;
Dep551;Cat1;
Dep551;Cat6;
Dep551;Cat7;
Dep552;Cat10;
Dep553;Cat1;
Dep553;Cat6;
Dep553;Cat7;
Dep554;Cat10;
Dep555;Cat10;
Dep556;Cat12;
Dep557;Cat1;
Dep557;Cat6;
Dep557;Cat7;
Dep558;Cat1;
Dep558;Cat6;
Dep558;Cat7;
Dep559;Cat11;
Dep560;Cat1;
Dep560;Cat6;
Dep560;Cat7;
Dep561;Cat1;
Dep561;Cat6;
Dep561;Cat7;
Dep562;Cat1;
Dep562;Cat6;
Dep562;Cat7;
Dep563;Cat1;
Dep563;Cat6;
Dep563;Cat7;
Dep564;Cat1;
Dep564;Cat6;
Dep564;Cat7;
Dep565;Cat10;
Dep566;Cat12;
Dep567;Cat1;
Dep567;Cat6;
Dep567;Cat7;
Dep568;Cat9;
Dep569;Cat9;
Dep570;Cat3;
Dep570;Cat4;
Dep570;Cat5;
Dep571;Cat1;
Dep571;Cat6;
Dep571;Cat7;
Dep572;Cat3;
Dep572;Cat4;
Dep572;Cat5;
Dep573;Cat3;
Dep573;Cat4;
Dep573;Cat5;
Dep574;Cat3;
Dep574;Cat4;
Dep574;Cat5;
Dep575;Cat3;
Dep575;Cat4;
Dep575;Cat5;
Dep576;Cat2;
Dep577;Cat3;
Dep577;Cat4;
Dep577;Cat5;
Dep578;Cat1;
Dep578;Cat6;
Dep578;Cat7;
Dep579;Cat1;
Dep579;Cat6;
Dep579;Cat7;
Dep580;Cat1;
Dep580;Cat6;
Dep580;Cat7;
Dep581;Cat1;
Dep581;Cat6;
Dep581;Cat7;
Dep582;Cat1;
Dep582;Cat6;
Dep582;Cat7;
Dep583;Cat2;
Dep584;Cat3;
Dep584;Cat4;
Dep584;Cat5;
Dep585;Cat1;
Dep585;Cat6;
Dep585;Cat7;
Dep586;Cat3;
Dep586;Cat4;
Dep586;Cat5;
Dep587;Cat3;
Dep587;Cat4;
Dep587;Cat5;
Dep588;Cat2;
Dep589;Cat11;
Dep590;Cat3;
Dep590;Cat4;
Dep590;Cat5;
Dep591;Cat3;
Dep591;Cat4;
Dep591;Cat5;
Dep592;Cat1;
Dep592;Cat6;
Dep592;Cat7;
Dep593;Cat2;
Dep594;Cat2;
Dep595;Cat10;
Dep596;Cat3;
Dep596;Cat4;
Dep596;Cat5;
Dep597;Cat3;
Dep597;Cat4;
Dep597;Cat5;
Dep598;Cat1;
Dep598;Cat6;
Dep598;Cat7;
Dep599;Cat1;
Dep599;Cat6;
Dep599;Cat7;
Dep600;Cat1;
Dep600;Cat6;
Dep600;Cat7;
Dep601;Cat1;
Dep601;Cat6;
Dep601;Cat7;
Dep602;Cat1;
Dep602;Cat6;
Dep602;Cat7;
Dep603;Cat1;
Dep603;Cat6;
Dep603;Cat7;
Dep604;Cat3;
Dep604;Cat4;
Dep604;Cat5;
Dep605;Cat10;
Dep606;Cat1;
Dep606;Cat6;
Dep606;Cat7;
Dep607;Cat3;
Dep607;Cat4;
Dep607;Cat5;
Dep608;Cat11;
Dep609;Cat1;
Dep609;Cat6;
Dep609;Cat7;
Dep610;Cat3;
Dep610;Cat4;
Dep610;Cat5;
Dep611;Cat3;
Dep611;Cat4;
Dep611;Cat5;
Dep612;Cat10;
Dep613;Cat1;
Dep613;Cat6;
Dep613;Cat7;
Dep614;Cat11;
Dep615;Cat3;
Dep615;Cat4;
Dep615;Cat5;
Dep616;Cat3;
Dep616;Cat4;
Dep616;Cat5;
Dep617;Cat2;
Dep618;Cat10;
Dep619;Cat3;
Dep619;Cat4;
Dep619;Cat5;
Dep620;Cat1;
Dep620;Cat6;
Dep620;Cat7;
Dep621;Cat1;
Dep621;Cat6;
Dep621;Cat7;
Dep622;Cat1;
Dep622;Cat6;
Dep622;Cat7;
Dep623;Cat1;
Dep623;Cat6;
Dep623;Cat7;
Dep624;Cat1;
Dep624;Cat6;
Dep624;Cat7;
Dep625;Cat3;
Dep625;Cat4;
Dep625;Cat5;
Dep626;Cat3;
Dep626;Cat4;
Dep626;Cat5;
Dep627;Cat1;
Dep627;Cat6;
Dep627;Cat7;
Dep628;Cat1;
Dep628;Cat6;
Dep628;Cat7;
Dep629;Cat1;
Dep629;Cat6;
Dep629;Cat7;
Dep630;Cat3;
Dep630;Cat4;
Dep630;Cat5;
Dep631;Cat1;
Dep631;Cat6;
Dep631;Cat7;
Dep632;Cat3;
Dep632;Cat4;
Dep632;Cat5;
Dep633;Cat3;
Dep633;Cat4;
Dep633;Cat5;
Dep634;Cat1;
Dep634;Cat6;
Dep634;Cat7;
Dep635;Cat3;
Dep635;Cat4;
Dep635;Cat5;
Dep636;Cat3;
Dep636;Cat4;
Dep636;Cat5;
Dep637;Cat1;
Dep637;Cat6;
Dep637;Cat7;
Dep638;Cat1;
Dep638;Cat6;
Dep638;Cat7;
Dep639;Cat3;
Dep639;Cat4;
Dep639;Cat5;
Dep640;Cat10;
Dep641;Cat10;
Dep642;Cat1;
Dep642;Cat6;
Dep642;Cat7;
Dep643;Cat1;
Dep643;Cat6;
Dep643;Cat7;
Dep644;Cat10;
Dep645;Cat1;
Dep645;Cat6;
Dep645;Cat7;
Dep646;Cat1;
Dep646;Cat6;
Dep646;Cat7;
Dep647;Cat1;
Dep647;Cat6;
Dep647;Cat7;
Dep648;Cat10;
Dep649;Cat3;
Dep649;Cat4;
Dep649;Cat5;
Dep650;Cat3;
Dep650;Cat4;
Dep650;Cat5;
Dep651;Cat1;
Dep651;Cat6;
Dep651;Cat7;
Dep652;Cat3;
Dep652;Cat4;
Dep652;Cat5;
Dep653;Cat3;
Dep653;Cat4;
Dep653;Cat5;
Dep654;Cat1;
Dep654;Cat6;
Dep654;Cat7;
Dep655;Cat1;
Dep655;Cat6;
Dep655;Cat7;
Dep656;Cat3;
Dep656;Cat4;
Dep656;Cat5;
Dep657;Cat1;
Dep657;Cat6;
Dep657;Cat7;
Dep658;Cat3;
Dep658;Cat4;
Dep658;Cat5;
Dep659;Cat3;
Dep659;Cat4;
Dep659;Cat5;
Dep660;Cat1;
Dep660;Cat6;
Dep660;Cat7;
Dep661;Cat3;
Dep661;Cat4;
Dep661;Cat5;
Dep662;Cat1;
Dep662;Cat6;
Dep662;Cat7;
Dep663;Cat3;
Dep663;Cat4;
Dep663;Cat5;
Dep664;Cat1;
Dep664;Cat6;
Dep664;Cat7;
Dep665;Cat1;
Dep665;Cat6;
Dep665;Cat7;
Dep666;Cat1;
Dep666;Cat6;
Dep666;Cat7;
Dep667;Cat3;
Dep667;Cat4;
Dep667;Cat5;
Dep668;Cat10;
Dep669;Cat1;
Dep669;Cat6;
Dep669;Cat7;
Dep670;Cat1;
Dep670;Cat6;
Dep670;Cat7;
Dep671;Cat1;
Dep671;Cat6;
Dep671;Cat7;
Dep672;Cat1;
Dep672;Cat6;
Dep672;Cat7;
Dep673;Cat1;
Dep673;Cat6;
Dep673;Cat7;
Dep674;Cat1;
Dep674;Cat6;
Dep674;Cat7;
Dep675;Cat10;
Dep676;Cat1;
Dep676;Cat6;
Dep676;Cat7;
Dep677;Cat10;
Dep678;Cat3;
Dep678;Cat4;
Dep678;Cat5;
Dep679;Cat1;
Dep679;Cat6;
Dep679;Cat7;
Dep680;Cat12;
Dep681;Cat1;
Dep681;Cat6;
Dep681;Cat7;
Dep682;Cat3;
Dep682;Cat4;
Dep682;Cat5;
Dep683;Cat3;
Dep683;Cat4;
Dep683;Cat5;
Dep684;Cat1;
Dep684;Cat6;
Dep684;Cat7;
Dep685;Cat12;
Dep686;Cat1;
Dep686;Cat6;
Dep686;Cat7;
Dep687;Cat1;
Dep687;Cat6;
Dep687;Cat7;
Dep688;Cat1;
Dep688;Cat6;
Dep688;Cat7;
Dep689;Cat1;
Dep689;Cat6;
Dep689;Cat7;
Dep690;Cat3;
Dep690;Cat4;
Dep690;Cat5;
Dep691;Cat3;
Dep691;Cat4;
Dep691;Cat5;
Dep692;Cat10;
Dep693;Cat1;
Dep693;Cat6;
Dep693;Cat7;
Dep694;Cat1;
Dep694;Cat6;
Dep694;Cat7;
Dep695;Cat1;
Dep695;Cat6;
Dep695;Cat7;
Dep696;Cat1;
Dep696;Cat6;
Dep696;Cat7;
Dep697;Cat3;
Dep697;Cat4;
Dep697;Cat5;
Dep698;Cat10;
Dep699;Cat1;
Dep699;Cat6;
Dep699;Cat7;
Dep700;Cat1;
Dep700;Cat6;
Dep700;Cat7;
Dep701;Cat1;
Dep701;Cat6;
Dep701;Cat7;
Dep702;Cat1;
Dep702;Cat6;
Dep702;Cat7;
Dep703;Cat13;
Dep704;Cat9;
Dep705;Cat9;
Dep706;Cat1;
Dep706;Cat6;
Dep706;Cat7;
Dep707;Cat1;
Dep707;Cat6;
Dep707;Cat7;
Dep708;Cat2;
Dep709;Cat2;
Dep710;Cat1;
Dep710;Cat6;
Dep710;Cat7;
Dep711;Cat10;
Dep712;Cat1;
Dep712;Cat6;
Dep712;Cat7;
Dep713;Cat2;
Dep714;Cat2;
Dep715;Cat1;
Dep715;Cat6;
Dep715;Cat7;
Dep716;Cat3;
Dep716;Cat4;
Dep716;Cat5;
Dep717;Cat1;
Dep717;Cat6;
Dep717;Cat7;
Dep718;Cat10;
Dep719;Cat12;
Dep720;Cat10;
Dep721;Cat3;
Dep721;Cat4;
Dep721;Cat5;
Dep722;Cat1;
Dep722;Cat6;
Dep722;Cat7;
Dep723;Cat1;
Dep723;Cat6;
Dep723;Cat7;
Dep724;Cat1;
Dep724;Cat6;
Dep724;Cat7;
Dep725;Cat10;
Dep726;Cat1;
Dep726;Cat6;
Dep726;Cat7;
Dep727;Cat10;
Dep728;Cat12;
Dep729;Cat10;
Dep730;Cat3;
Dep730;Cat4;
Dep730;Cat5;
Dep731;Cat3;
Dep731;Cat4;
Dep731;Cat5;
Dep732;Cat1;
Dep732;Cat6;
Dep732;Cat7;
Dep733;Cat10;
Dep734;Cat3;
Dep734;Cat4;
Dep734;Cat5;
Dep735;Cat10;
Dep736;Cat10;
Dep737;Cat1;
Dep737;Cat6;
Dep737;Cat7;
Dep738;Cat3;
Dep738;Cat4;
Dep738;Cat5;
Dep739;Cat1;
Dep739;Cat6;
Dep739;Cat7;
Dep740;Cat10;
Dep741;Cat1;
Dep741;Cat6;
Dep741;Cat7;
Dep742;Cat1;
Dep742;Cat6;
Dep742;Cat7;
Dep743;Cat1;
Dep743;Cat6;
Dep743;Cat7;
Dep744;Cat10;
Dep745;Cat1;
Dep745;Cat6;
Dep745;Cat7;
Dep746;Cat1;
Dep746;Cat6;
Dep746;Cat7;
Dep747;Cat1;
Dep747;Cat6;
Dep747;Cat7;
Dep748;Cat2;
Dep749;Cat3;
Dep749;Cat4;
Dep749;Cat5;
Dep750;Cat3;
Dep750;Cat4;
Dep750;Cat5;
Dep751;Cat10;
Dep752;Cat1;
Dep752;Cat6;
Dep752;Cat7;
Dep753;Cat1;
Dep753;Cat6;
Dep753;Cat7;
Dep754;Cat12;
Dep755;Cat1;
Dep755;Cat6;
Dep755;Cat7;
Dep756;Cat1;
Dep756;Cat6;
Dep756;Cat7;
Dep757;Cat12;
Dep758;Cat3;
Dep758;Cat4;
Dep758;Cat5;
Dep759;Cat1;
Dep759;Cat6;
Dep759;Cat7;
Dep760;Cat10;
Dep761;Cat10;
Dep762;Cat3;
Dep762;Cat4;
Dep762;Cat5;
Dep763;Cat1;
Dep763;Cat6;
Dep763;Cat7;
Dep764;Cat1;
Dep764;Cat6;
Dep764;Cat7;
Dep765;Cat2;
Dep766;Cat1;
Dep766;Cat6;
Dep766;Cat7;
Dep767;Cat1;
Dep767;Cat6;
Dep767;Cat7;
Dep768;Cat3;
Dep768;Cat4;
Dep768;Cat5;
Dep769;Cat3;
Dep769;Cat4;
Dep769;Cat5;
Dep770;Cat10;
Dep771;Cat10;
Dep772;Cat10;
Dep773;Cat1;
Dep773;Cat6;
Dep773;Cat7;
Dep774;Cat12;
Dep775;Cat1;
Dep775;Cat6;
Dep775;Cat7;
Dep776;Cat3;
Dep776;Cat4;
Dep776;Cat5;
Dep777;Cat3;
Dep777;Cat4;
Dep777;Cat5;
Dep778;Cat1;
Dep778;Cat6;
Dep778;Cat7;
Dep779;Cat1;
Dep779;Cat6;
Dep779;Cat7;
Dep780;Cat1;
Dep780;Cat6;
Dep780;Cat7;
Dep781;Cat10;
Dep782;Cat3;
Dep782;Cat4;
Dep782;Cat5;
Dep783;Cat3;
Dep783;Cat4;
Dep783;Cat5;
Dep784;Cat1;
Dep784;Cat6;
Dep784;Cat7;
Dep785;Cat10;
Dep786;Cat1;
Dep786;Cat6;
Dep786;Cat7;
Dep787;Cat12;
Dep788;Cat10;
Dep789;Cat1;
Dep789;Cat6;
Dep789;Cat7;
Dep790;Cat10;
Dep791;Cat10;
Dep792;Cat1;
Dep792;Cat6;
Dep792;Cat7;
Dep793;Cat3;
Dep793;Cat4;
Dep793;Cat5;
Dep794;Cat1;
Dep794;Cat6;
Dep794;Cat7;
Dep795;Cat1;
Dep795;Cat6;
Dep795;Cat7;
Dep796;Cat1;
Dep796;Cat6;
Dep796;Cat7;
Dep797;Cat1;
Dep797;Cat6;
Dep797;Cat7;
Dep798;Cat1;
Dep798;Cat6;
Dep798;Cat7;
Dep799;Cat10;
Dep800;Cat10;
Dep801;Cat12;
Dep802;Cat9;
Dep803;Cat9;
Dep804;Cat1;
Dep804;Cat6;
Dep804;Cat7;
Dep805;Cat2;
Dep806;Cat3;
Dep806;Cat4;
Dep806;Cat5;
Dep807;Cat3;
Dep807;Cat4;
Dep807;Cat5;
Dep808;Cat3;
Dep808;Cat4;
Dep808;Cat5;
Dep809;Cat1;
Dep809;Cat6;
Dep809;Cat7;
Dep810;Cat1;
Dep810;Cat6;
Dep810;Cat7;
Dep811;Cat1;
Dep811;Cat6;
Dep811;Cat7;
Dep812;Cat1;
Dep812;Cat6;
Dep812;Cat7;
Dep813;Cat1;
Dep813;Cat6;
Dep813;Cat7;
Dep814;Cat1;
Dep814;Cat6;
Dep814;Cat7;
Dep815;Cat2;
Dep816;Cat3;
Dep816;Cat4;
Dep816;Cat5;
Dep817;Cat1;
Dep817;Cat6;
Dep817;Cat7;
Dep818;Cat3;
Dep818;Cat4;
Dep818;Cat5;
Dep819;Cat3;
Dep819;Cat4;
Dep819;Cat5;
Dep820;Cat2;
Dep821;Cat10;
Dep822;Cat11;
Dep823;Cat1;
Dep823;Cat6;
Dep823;Cat7;
Dep824;Cat3;
Dep824;Cat4;
Dep824;Cat5;
Dep825;Cat3;
Dep825;Cat4;
Dep825;Cat5;
Dep826;Cat2;
Dep827;Cat2;
Dep828;Cat10;
Dep829;Cat3;
Dep829;Cat4;
Dep829;Cat5;
Dep830;Cat3;
Dep830;Cat4;
Dep830;Cat5;
Dep831;Cat1;
Dep831;Cat6;
Dep831;Cat7;
Dep832;Cat1;
Dep832;Cat6;
Dep832;Cat7;
Dep833;Cat1;
Dep833;Cat6;
Dep833;Cat7;
Dep834;Cat2;
Dep835;Cat1;
Dep835;Cat6;
Dep835;Cat7;
Dep836;Cat3;
Dep836;Cat4;
Dep836;Cat5;
Dep837;Cat10;
Dep838;Cat1;
Dep838;Cat6;
Dep838;Cat7;
Dep839;Cat3;
Dep839;Cat4;
Dep839;Cat5;
Dep840;Cat3;
Dep840;Cat4;
Dep840;Cat5;
Dep841;Cat3;
Dep841;Cat4;
Dep841;Cat5;
Dep842;Cat11;
Dep843;Cat10;
Dep844;Cat1;
Dep844;Cat6;
Dep844;Cat7;
Dep845;Cat2;
Dep846;Cat3;
Dep846;Cat4;
Dep846;Cat5;
Dep847;Cat3;
Dep847;Cat4;
Dep847;Cat5;
Dep848;Cat10;
Dep849;Cat3;
Dep849;Cat4;
Dep849;Cat5;
Dep850;Cat1;
Dep850;Cat6;
Dep850;Cat7;
Dep851;Cat1;
Dep851;Cat6;
Dep851;Cat7;
Dep852;Cat1;
Dep852;Cat6;
Dep852;Cat7;
Dep853;Cat1;
Dep853;Cat6;
Dep853;Cat7;
Dep854;Cat3;
Dep854;Cat4;
Dep854;Cat5;
Dep855;Cat3;
Dep855;Cat4;
Dep855;Cat5;
Dep856;Cat3;
Dep856;Cat4;
Dep856;Cat5;
Dep857;Cat1;
Dep857;Cat6;
Dep857;Cat7;
Dep858;Cat10;
Dep859;Cat1;
Dep859;Cat6;
Dep859;Cat7;
Dep860;Cat3;
Dep860;Cat4;
Dep860;Cat5;
Dep861;Cat1;
Dep861;Cat6;
Dep861;Cat7;
Dep862;Cat10;
Dep863;Cat10;
Dep864;Cat1;
Dep864;Cat6;
Dep864;Cat7;
Dep865;Cat1;
Dep865;Cat6;
Dep865;Cat7;
Dep866;Cat10;
Dep867;Cat1;
Dep867;Cat6;
Dep867;Cat7;
Dep868;Cat1;
Dep868;Cat6;
Dep868;Cat7;
Dep869;Cat1;
Dep869;Cat6;
Dep869;Cat7;
Dep870;Cat1;
Dep870;Cat6;
Dep870;Cat7;
Dep871;Cat10;
Dep872;Cat10;
Dep873;Cat3;
Dep873;Cat4;
Dep873;Cat5;
Dep874;Cat3;
Dep874;Cat4;
Dep874;Cat5;
Dep875;Cat1;
Dep875;Cat6;
Dep875;Cat7;
Dep876;Cat3;
Dep876;Cat4;
Dep876;Cat5;
Dep877;Cat3;
Dep877;Cat4;
Dep877;Cat5;
Dep878;Cat1;
Dep878;Cat6;
Dep878;Cat7;
Dep879;Cat1;
Dep879;Cat6;
Dep879;Cat7;
Dep880;Cat3;
Dep880;Cat4;
Dep880;Cat5;
Dep881;Cat3;
Dep881;Cat4;
Dep881;Cat5;
Dep882;Cat3;
Dep882;Cat4;
Dep882;Cat5;
Dep883;Cat3;
Dep883;Cat4;
Dep883;Cat5;
Dep884;Cat1;
Dep884;Cat6;
Dep884;Cat7;
Dep885;Cat3;
Dep885;Cat4;
Dep885;Cat5;
Dep886;Cat1;
Dep886;Cat6;
Dep886;Cat7;
Dep887;Cat1;
Dep887;Cat6;
Dep887;Cat7;
Dep888;Cat1;
Dep888;Cat6;
Dep888;Cat7;
Dep889;Cat1;
Dep889;Cat6;
Dep889;Cat7;
Dep890;Cat1;
Dep890;Cat6;
Dep890;Cat7;
Dep891;Cat3;
Dep891;Cat4;
Dep891;Cat5;
Dep892;Cat10;
Dep893;Cat1;
Dep893;Cat6;
Dep893;Cat7;
Dep894;Cat1;
Dep894;Cat6;
Dep894;Cat7;
Dep895;Cat1;
Dep895;Cat6;
Dep895;Cat7;
Dep896;Cat1;
Dep896;Cat6;
Dep896;Cat7;
Dep897;Cat1;
Dep897;Cat6;
Dep897;Cat7;
Dep898;Cat1;
Dep898;Cat6;
Dep898;Cat7;
Dep899;Cat10;
Dep900;Cat9;
Dep901;Cat1;
Dep901;Cat6;
Dep901;Cat7;
Dep902;Cat1;
Dep902;Cat6;
Dep902;Cat7;
Dep903;Cat3;
Dep903;Cat4;
Dep903;Cat5;
Dep904;Cat3;
Dep904;Cat4;
Dep904;Cat5;
Dep905;Cat12;
Dep906;Cat1;
Dep906;Cat6;
Dep906;Cat7;
Dep907;Cat1;
Dep907;Cat6;
Dep907;Cat7;
Dep908;Cat1;
Dep908;Cat6;
Dep908;Cat7;
Dep909;Cat3;
Dep909;Cat4;
Dep909;Cat5;
Dep910;Cat3;
Dep910;Cat4;
Dep910;Cat5;
Dep911;Cat10;
Dep912;Cat1;
Dep912;Cat6;
Dep912;Cat7;
Dep913;Cat1;
Dep913;Cat6;
Dep913;Cat7;
Dep914;Cat1;
Dep914;Cat6;
Dep914;Cat7;
Dep915;Cat3;
Dep915;Cat4;
Dep915;Cat5;
Dep916;Cat10;
Dep917;Cat1;
Dep917;Cat6;
Dep917;Cat7;
Dep918;Cat1;
Dep918;Cat6;
Dep918;Cat7;
Dep919;Cat1;
Dep919;Cat6;
Dep919;Cat7;
Dep920;Cat1;
Dep920;Cat6;
Dep920;Cat7;
Dep921;Cat13;
Dep922;Cat9;
Dep923;Cat9;
Dep924;Cat1;
Dep924;Cat6;
Dep924;Cat7;
Dep925;Cat2;
Dep926;Cat2;
Dep927;Cat13;
Dep928;Cat1;
Dep928;Cat6;
Dep928;Cat7;
Dep929;Cat10;
Dep930;Cat1;
Dep930;Cat6;
Dep930;Cat7;
Dep931;Cat3;
Dep931;Cat4;
Dep931;Cat5;
Dep932;Cat1;
Dep932;Cat6;
Dep932;Cat7;
Dep933;Cat12;
Dep934;Cat12;
Dep935;Cat10;
Dep936;Cat10;
Dep937;Cat1;
Dep937;Cat6;
Dep937;Cat7;
Dep938;Cat1;
Dep938;Cat6;
Dep938;Cat7;
Dep939;Cat1;
Dep939;Cat6;
Dep939;Cat7;
Dep940;Cat1;
Dep940;Cat6;
Dep940;Cat7;
Dep941;Cat10;
Dep942;Cat12;
Dep943;Cat3;
Dep943;Cat4;
Dep943;Cat5;
Dep944;Cat3;
Dep944;Cat4;
Dep944;Cat5;
Dep945;Cat1;
Dep945;Cat6;
Dep945;Cat7;
Dep946;Cat3;
Dep946;Cat4;
Dep946;Cat5;
Dep947;Cat3;
Dep947;Cat4;
Dep947;Cat5;
Dep948;Cat3;
Dep948;Cat4;
Dep948;Cat5;
Dep949;Cat10;
Dep950;Cat10;
Dep951;Cat10;
Dep952;Cat1;
Dep952;Cat6;
Dep952;Cat7;
Dep953;Cat2;
Dep954;Cat2;
Dep955;Cat3;
Dep955;Cat4;
Dep955;Cat5;
Dep956;Cat1;
Dep956;Cat6;
Dep956;Cat7;
Dep957;Cat10;
Dep958;Cat1;
Dep958;Cat6;
Dep958;Cat7;
Dep959;Cat1;
Dep959;Cat6;
Dep959;Cat7;
Dep960;Cat10;
Dep961;Cat1;
Dep961;Cat6;
Dep961;Cat7;
Dep962;Cat2;
Dep963;Cat2;
Dep964;Cat1;
Dep964;Cat6;
Dep964;Cat7;
Dep965;Cat1;
Dep965;Cat6;
Dep965;Cat7;
Dep966;Cat1;
Dep966;Cat6;
Dep966;Cat7;
Dep967;Cat3;
Dep967;Cat4;
Dep967;Cat5;
Dep968;Cat3;
Dep968;Cat4;
Dep968;Cat5;
Dep969;Cat10;
Dep970;Cat10;
Dep971;Cat1;
Dep971;Cat6;
Dep971;Cat7;
Dep972;Cat1;
Dep972;Cat6;
Dep972;Cat7;
Dep973;Cat3;
Dep973;Cat4;
Dep973;Cat5;
Dep974;Cat1;
Dep974;Cat6;
Dep974;Cat7;
Dep975;Cat12;
Dep976;Cat1;
Dep976;Cat6;
Dep976;Cat7;
Dep977;Cat3;
Dep977;Cat4;
Dep977;Cat5;
Dep978;Cat1;
Dep978;Cat6;
Dep978;Cat7;
Dep979;Cat10;
Dep980;Cat10;
Dep981;Cat10;
Dep982;Cat1;
Dep982;Cat6;
Dep982;Cat7;
Dep983;Cat1;
Dep983;Cat6;
Dep983;Cat7;
Dep984;Cat1;
Dep984;Cat6;
Dep984;Cat7;
Dep985;Cat9;
Dep986;Cat9;
Dep987;Cat1;
Dep987;Cat6;
Dep987;Cat7;
Dep988;Cat12;
Dep989;Cat3;
Dep989;Cat4;
Dep989;Cat5;
Dep990;Cat3;
Dep990;Cat4;
Dep990;Cat5;
Dep991;Cat1;
Dep991;Cat6;
Dep991;Cat7;
Dep992;Cat3;
Dep992;Cat4;
Dep992;Cat5;
Dep993;Cat3;
Dep993;Cat4;
Dep993;Cat5;
Dep994;Cat12;
Dep995;Cat10;
Dep996;Cat10;
Dep997;Cat1;
Dep997;Cat6;
Dep997;Cat7;
Dep998;Cat1;
Dep998;Cat6;
Dep998;Cat7;
Dep999;Cat9;
Dep1000;Cat9;
Dep1001;Cat1;
Dep1001;Cat6;
Dep1001;Cat7;
Dep1002;Cat3;
Dep1002;Cat4;
Dep1002;Cat5;
Dep1003;Cat3;
Dep1003;Cat4;
Dep1003;Cat5;
Dep1004;Cat1;
Dep1004;Cat6;
Dep1004;Cat7;
Dep1005;Cat10;
Dep1006;Cat1;
Dep1006;Cat6;
Dep1006;Cat7;
Dep1007;Cat3;
Dep1007;Cat4;
Dep1007;Cat5;
Dep1008;Cat3;
Dep1008;Cat4;
Dep1008;Cat5;
Dep1009;Cat10;
Dep1010;Cat10;
Dep1011;Cat12;
Dep1012;Cat10;
Dep1013;Cat10;
Dep1014;Cat1;
Dep1014;Cat6;
Dep1014;Cat7;
Dep1015;Cat1;
Dep1015;Cat6;
Dep1015;Cat7;
Dep1016;Cat3;
Dep1016;Cat4;
Dep1016;Cat5;
Dep1017;Cat1;
Dep1017;Cat6;
Dep1017;Cat7;
Dep1018;Cat3;
Dep1018;Cat4;
Dep1018;Cat5;
Dep1019;Cat1;
Dep1019;Cat6;
Dep1019;Cat7;
Dep1020;Cat1;
Dep1020;Cat6;
Dep1020;Cat7;
Dep1021;Cat1;
Dep1021;Cat6;
Dep1021;Cat7;
Dep1022;Cat1;
Dep1022;Cat6;
Dep1022;Cat7;
Dep1023;Cat1;
Dep1023;Cat6;
Dep1023;Cat7;
Dep1024;Cat1;
Dep1024;Cat6;
Dep1024;Cat7;
Dep1025;Cat10;
Dep1026;Cat12;
Dep1027;Cat1;
Dep1027;Cat6;
Dep1027;Cat7;
Dep1028;Cat1;
Dep1028;Cat6;
Dep1028;Cat7;
Dep1029;Cat2;
Dep1030;Cat2;
Dep1031;Cat3;
Dep1031;Cat4;
Dep1031;Cat5;
Dep1032;Cat3;
Dep1032;Cat4;
Dep1032;Cat5;
Dep1033;Cat10;
Dep1034;Cat3;
Dep1034;Cat4;
Dep1034;Cat5;
Dep1035;Cat1;
Dep1035;Cat6;
Dep1035;Cat7;
Dep1036;Cat1;
Dep1036;Cat6;
Dep1036;Cat7;
Dep1037;Cat1;
Dep1037;Cat6;
Dep1037;Cat7;
Dep1038;Cat1;
Dep1038;Cat6;
Dep1038;Cat7;
Dep1039;Cat10;
Dep1040;Cat1;
Dep1040;Cat6;
Dep1040;Cat7;
Dep1041;Cat12;
Dep1042;Cat3;
Dep1042;Cat4;
Dep1042;Cat5;
Dep1043;Cat1;
Dep1043;Cat6;
Dep1043;Cat7;
Dep1044;Cat3;
Dep1044;Cat4;
Dep1044;Cat5;
Dep1045;Cat3;
Dep1045;Cat4;
Dep1045;Cat5;
Dep1046;Cat1;
Dep1046;Cat6;
Dep1046;Cat7;
Dep1047;Cat11;
Dep1048;Cat1;
Dep1048;Cat6;
Dep1048;Cat7;
Dep1049;Cat3;
Dep1049;Cat4;
Dep1049;Cat5;
Dep1050;Cat3;
Dep1050;Cat4;
Dep1050;Cat5;
Dep1051;Cat2;
Dep1052;Cat2;
Dep1053;Cat10;
Dep1054;Cat3;
Dep1054;Cat4;
Dep1054;Cat5;
Dep1055;Cat1;
Dep1055;Cat6;
Dep1055;Cat7;
Dep1056;Cat1;
Dep1056;Cat6;
Dep1056;Cat7;
Dep1057;Cat1;
Dep1057;Cat6;
Dep1057;Cat7;
Dep1058;Cat1;
Dep1058;Cat6;
Dep1058;Cat7;
Dep1059;Cat1;
Dep1059;Cat6;
Dep1059;Cat7;
Dep1060;Cat3;
Dep1060;Cat4;
Dep1060;Cat5;
Dep1061;Cat3;
Dep1061;Cat4;
Dep1061;Cat5;
Dep1062;Cat10;
Dep1063;Cat1;
Dep1063;Cat6;
Dep1063;Cat7;
Dep1064;Cat1;
Dep1064;Cat6;
Dep1064;Cat7;
Dep1065;Cat3;
Dep1065;Cat4;
Dep1065;Cat5;
Dep1066;Cat10;
Dep1067;Cat1;
Dep1067;Cat6;
Dep1067;Cat7;
Dep1068;Cat3;
Dep1068;Cat4;
Dep1068;Cat5;
Dep1069;Cat3;
Dep1069;Cat4;
Dep1069;Cat5;
Dep1070;Cat10;
Dep1071;Cat1;
Dep1071;Cat6;
Dep1071;Cat7;
Dep1072;Cat1;
Dep1072;Cat6;
Dep1072;Cat7;
Dep1073;Cat10;
Dep1074;Cat11;
Dep1075;Cat1;
Dep1075;Cat6;
Dep1075;Cat7;
Dep1076;Cat1;
Dep1076;Cat6;
Dep1076;Cat7;
Dep1077;Cat1;
Dep1077;Cat6;
Dep1077;Cat7;
Dep1078;Cat3;
Dep1078;Cat4;
Dep1078;Cat5;
Dep1079;Cat3;
Dep1079;Cat4;
Dep1079;Cat5;
Dep1080;Cat10;
Dep1081;Cat3;
Dep1081;Cat4;
Dep1081;Cat5;
Dep1082;Cat1;
Dep1082;Cat6;
Dep1082;Cat7;
Dep1083;Cat1;
Dep1083;Cat6;
Dep1083;Cat7;
Dep1084;Cat1;
Dep1084;Cat6;
Dep1084;Cat7;
Dep1085;Cat10;
Dep1086;Cat1;
Dep1086;Cat6;
Dep1086;Cat7;
Dep1087;Cat3;
Dep1087;Cat4;
Dep1087;Cat5;
Dep1088;Cat3;
Dep1088;Cat4;
Dep1088;Cat5;
Dep1089;Cat3;
Dep1089;Cat4;
Dep1089;Cat5;
Dep1090;Cat1;
Dep1090;Cat6;
Dep1090;Cat7;
Dep1091;Cat3;
Dep1091;Cat4;
Dep1091;Cat5;
Dep1092;Cat11;
Dep1093;Cat1;
Dep1093;Cat6;
Dep1093;Cat7;
Dep1094;Cat1;
Dep1094;Cat6;
Dep1094;Cat7;
Dep1095;Cat3;
Dep1095;Cat4;
Dep1095;Cat5;
Dep1096;Cat3;
Dep1096;Cat4;
Dep1096;Cat5;
Dep1097;Cat10;
Dep1098;Cat10;
Dep1099;Cat10;
Dep1100;Cat1;
Dep1100;Cat6;
Dep1100;Cat7;
Dep1101;Cat1;
Dep1101;Cat6;
Dep1101;Cat7;
Dep1102;Cat1;
Dep1102;Cat6;
Dep1102;Cat7;
Dep1103;Cat10;
Dep1104;Cat10;
Dep1105;Cat10;
Dep1106;Cat1;
Dep1106;Cat6;
Dep1106;Cat7;
Dep1107;Cat1;
Dep1107;Cat6;
Dep1107;Cat7;
Dep1108;Cat1;
Dep1108;Cat6;
Dep1108;Cat7;
Dep1109;Cat10;
Dep1110;Cat3;
Dep1110;Cat4;
Dep1110;Cat5;
Dep1111;Cat3;
Dep1111;Cat4;
Dep1111;Cat5;
Dep1112;Cat10;
Dep1113;Cat1;
Dep1113;Cat6;
Dep1113;Cat7;
Dep1114;Cat3;
Dep1114;Cat4;
Dep1114;Cat5;
Dep1115;Cat3;
Dep1115;Cat4;
Dep1115;Cat5;
Dep1116;Cat1;
Dep1116;Cat6;
Dep1116;Cat7;
Dep1117;Cat1;
Dep1117;Cat6;
Dep1117;Cat7;
Dep1118;Cat3;
Dep1118;Cat4;
Dep1118;Cat5;
Dep1119;Cat3;
Dep1119;Cat4;
Dep1119;Cat5;
Dep1120;Cat1;
Dep1120;Cat6;
Dep1120;Cat7;
Dep1121;Cat3;
Dep1121;Cat4;
Dep1121;Cat5;
Dep1122;Cat3;
Dep1122;Cat4;
Dep1122;Cat5;
Dep1123;Cat1;
Dep1123;Cat6;
Dep1123;Cat7;
Dep1124;Cat3;
Dep1124;Cat4;
Dep1124;Cat5;
Dep1125;Cat3;
Dep1125;Cat4;
Dep1125;Cat5;
Dep1126;Cat1;
Dep1126;Cat6;
Dep1126;Cat7;
Dep1127;Cat1;
Dep1127;Cat6;
Dep1127;Cat7;
Dep1128;Cat1;
Dep1128;Cat6;
Dep1128;Cat7;
Dep1129;Cat3;
Dep1129;Cat4;
Dep1129;Cat5;
Dep1130;Cat3;
Dep1130;Cat4;
Dep1130;Cat5;
Dep1131;Cat1;
Dep1131;Cat6;
Dep1131;Cat7;
Dep1132;Cat9;
Dep1133;Cat9;
Dep1134;Cat1;
Dep1134;Cat6;
Dep1134;Cat7;
Dep1135;Cat10;
Dep1136;Cat1;
Dep1136;Cat6;
Dep1136;Cat7;
Dep1137;Cat1;
Dep1137;Cat6;
Dep1137;Cat7;
Dep1138;Cat2;
Dep1139;Cat3;
Dep1139;Cat4;
Dep1139;Cat5;
Dep1140;Cat12;
Dep1141;Cat12;
Dep1142;Cat1;
Dep1142;Cat6;
Dep1142;Cat7;
Dep1143;Cat3;
Dep1143;Cat4;
Dep1143;Cat5;
Dep1144;Cat1;
Dep1144;Cat6;
Dep1144;Cat7;
Dep1145;Cat3;
Dep1145;Cat4;
Dep1145;Cat5;
Dep1146;Cat3;
Dep1146;Cat4;
Dep1146;Cat5;
Dep1147;Cat3;
Dep1147;Cat4;
Dep1147;Cat5;
Dep1148;Cat10;
Dep1149;Cat1;
Dep1149;Cat6;
Dep1149;Cat7;
Dep1150;Cat1;
Dep1150;Cat6;
Dep1150;Cat7;
Dep1151;Cat3;
Dep1151;Cat4;
Dep1151;Cat5;
Dep1152;Cat3;
Dep1152;Cat4;
Dep1152;Cat5;
Dep1153;Cat1;
Dep1153;Cat6;
Dep1153;Cat7;
Dep1154;Cat13;
Dep1155;Cat3;
Dep1155;Cat4;
Dep1155;Cat5;
Dep1156;Cat9;
Dep1157;Cat1;
Dep1157;Cat6;
Dep1157;Cat7;
Dep1158;Cat2;
Dep1159;Cat2;
Dep1160;Cat3;
Dep1160;Cat4;
Dep1160;Cat5;
Dep1161;Cat1;
Dep1161;Cat6;
Dep1161;Cat7;
Dep1162;Cat1;
Dep1162;Cat6;
Dep1162;Cat7;
Dep1163;Cat10;
Dep1164;Cat1;
Dep1164;Cat6;
Dep1164;Cat7;
Dep1165;Cat1;
Dep1165;Cat6;
Dep1165;Cat7;
Dep1166;Cat10;
Dep1167;Cat3;
Dep1167;Cat4;
Dep1167;Cat5;
Dep1168;Cat3;
Dep1168;Cat4;
Dep1168;Cat5;
Dep1169;Cat3;
Dep1169;Cat4;
Dep1169;Cat5;
Dep1170;Cat3;
Dep1170;Cat4;
Dep1170;Cat5;
Dep1171;Cat3;
Dep1171;Cat4;
Dep1171;Cat5;
Dep1172;Cat10;
Dep1173;Cat1;
Dep1173;Cat6;
Dep1173;Cat7;
Dep1174;Cat10;
Dep1175;Cat12;
Dep1176;Cat1;
Dep1176;Cat6;
Dep1176;Cat7;
Dep1177;Cat10;
Dep1178;Cat10;
Dep1179;Cat3;
Dep1179;Cat4;
Dep1179;Cat5;
Dep1180;Cat3;
Dep1180;Cat4;
Dep1180;Cat5;
Dep1181;Cat1;
Dep1181;Cat6;
Dep1181;Cat7;
Dep1182;Cat3;
Dep1182;Cat4;
Dep1182;Cat5;
Dep1183;Cat1;
Dep1183;Cat6;
Dep1183;Cat7;
Dep1184;Cat10;
Dep1185;Cat3;
Dep1185;Cat4;
Dep1185;Cat5;
Dep1186;Cat1;
Dep1186;Cat6;
Dep1186;Cat7;
Dep1187;Cat1;
Dep1187;Cat6;
Dep1187;Cat7;
Dep1188;Cat10;
Dep1189;Cat1;
Dep1189;Cat6;
Dep1189;Cat7;
Dep1190;Cat1;
Dep1190;Cat6;
Dep1190;Cat7;
Dep1191;Cat10;
Dep1192;Cat2;
Dep1193;Cat2;
Dep1194;Cat2;
Dep1195;Cat2;
Dep1196;Cat3;
Dep1196;Cat4;
Dep1196;Cat5;
Dep1197;Cat3;
Dep1197;Cat4;
Dep1197;Cat5;
Dep1198;Cat3;
Dep1198;Cat4;
Dep1198;Cat5;
Dep1199;Cat10;
Dep1200;Cat1;
Dep1200;Cat6;
Dep1200;Cat7;
Dep1201;Cat3;
Dep1201;Cat4;
Dep1201;Cat5;
Dep1202;Cat10;
Dep1203;Cat1;
Dep1203;Cat6;
Dep1203;Cat7;
Dep1204;Cat12;
Dep1205;Cat3;
Dep1205;Cat4;
Dep1205;Cat5;
Dep1206;Cat3;
Dep1206;Cat4;
Dep1206;Cat5;
Dep1207;Cat10;
Dep1208;Cat10;
Dep1209;Cat9;
Dep1210;Cat9;
Dep1211;Cat1;
Dep1211;Cat6;
Dep1211;Cat7;
Dep1212;Cat3;
Dep1212;Cat4;
Dep1212;Cat5;
Dep1213;Cat1;
Dep1213;Cat6;
Dep1213;Cat7;
Dep1214;Cat1;
Dep1214;Cat6;
Dep1214;Cat7;
Dep1215;Cat3;
Dep1215;Cat4;
Dep1215;Cat5;
Dep1216;Cat3;
Dep1216;Cat4;
Dep1216;Cat5;
Dep1217;Cat10;
Dep1218;Cat10;
Dep1219;Cat1;
Dep1219;Cat6;
Dep1219;Cat7;
Dep1220;Cat10;
Dep1221;Cat1;
Dep1221;Cat6;
Dep1221;Cat7;
Dep1222;Cat1;
Dep1222;Cat6;
Dep1222;Cat7;
Dep1223;Cat3;
Dep1223;Cat4;
Dep1223;Cat5;
Dep1224;Cat1;
Dep1224;Cat6;
Dep1224;Cat7;
Dep1225;Cat3;
Dep1225;Cat4;
Dep1225;Cat5;
Dep1226;Cat3;
Dep1226;Cat4;
Dep1226;Cat5;
Dep1227;Cat11;
Dep1228;Cat10;
Dep1229;Cat10;
Dep1230;Cat10;
Dep1231;Cat10;
Dep1232;Cat10;
Dep1233;Cat1;
Dep1233;Cat6;
Dep1233;Cat7;
Dep1234;Cat1;
Dep1234;Cat6;
Dep1234;Cat7;
Dep1235;Cat1;
Dep1235;Cat6;
Dep1235;Cat7;
Dep1236;Cat3;
Dep1236;Cat4;
Dep1236;Cat5;
Dep1237;Cat3;
Dep1237;Cat4;
Dep1237;Cat5;
Dep1238;Cat1;
Dep1238;Cat6;
Dep1238;Cat7;
Dep1239;Cat1;
Dep1239;Cat6;
Dep1239;Cat7;
Dep1240;Cat10;
Dep1241;Cat10;
Dep1242;Cat10;
Dep1243;Cat12;
Dep1244;Cat1;
Dep1244;Cat6;
Dep1244;Cat7;
Dep1245;Cat2;
Dep1246;Cat2;
Dep1247;Cat3;
Dep1247;Cat4;
Dep1247;Cat5;
Dep1248;Cat3;
Dep1248;Cat4;
Dep1248;Cat5;
Dep1249;Cat3;
Dep1249;Cat4;
Dep1249;Cat5;
Dep1250;Cat1;
Dep1250;Cat6;
Dep1250;Cat7;
Dep1251;Cat11;
Dep1252;Cat3;
Dep1252;Cat4;
Dep1252;Cat5;
Dep1253;Cat1;
Dep1253;Cat6;
Dep1253;Cat7;
Dep1254;Cat10;
Dep1255;Cat10;
Dep1256;Cat3;
Dep1256;Cat4;
Dep1256;Cat5;
Dep1257;Cat3;
Dep1257;Cat4;
Dep1257;Cat5;
Dep1258;Cat1;
Dep1258;Cat6;
Dep1258;Cat7;
Dep1259;Cat3;
Dep1259;Cat4;
Dep1259;Cat5;
Dep1260;Cat3;
Dep1260;Cat4;
Dep1260;Cat5;
Dep1261;Cat10;
Dep1262;Cat10;
Dep1263;Cat3;
Dep1263;Cat4;
Dep1263;Cat5;
Dep1264;Cat1;
Dep1264;Cat6;
Dep1264;Cat7;
Dep1265;Cat3;
Dep1265;Cat4;
Dep1265;Cat5;
Dep1266;Cat3;
Dep1266;Cat4;
Dep1266;Cat5;
Dep1267;Cat10;
Dep1268;Cat1;
Dep1268;Cat6;
Dep1268;Cat7;
Dep1269;Cat1;
Dep1269;Cat6;
Dep1269;Cat7;
Dep1270;Cat1;
Dep1270;Cat6;
Dep1270;Cat7;
Dep1271;Cat1;
Dep1271;Cat6;
Dep1271;Cat7;
Dep1272;Cat10;
Dep1273;Cat1;
Dep1273;Cat6;
Dep1273;Cat7;
Dep1274;Cat1;
Dep1274;Cat6;
Dep1274;Cat7;
Dep1275;Cat1;
Dep1275;Cat6;
Dep1275;Cat7;
Dep1276;Cat1;
Dep1276;Cat6;
Dep1276;Cat7;
Dep1277;Cat3;
Dep1277;Cat4;
Dep1277;Cat5;
Dep1278;Cat3;
Dep1278;Cat4;
Dep1278;Cat5;
Dep1279;Cat10;
Dep1280;Cat10;
Dep1281;Cat10;
Dep1282;Cat3;
Dep1282;Cat4;
Dep1282;Cat5;
Dep1283;Cat3;
Dep1283;Cat4;
Dep1283;Cat5;
Dep1284;Cat1;
Dep1284;Cat6;
Dep1284;Cat7;
Dep1285;Cat10;
Dep1286;Cat3;
Dep1286;Cat4;
Dep1286;Cat5;
Dep1287;Cat3;
Dep1287;Cat4;
Dep1287;Cat5;
Dep1288;Cat1;
Dep1288;Cat6;
Dep1288;Cat7;
Dep1289;Cat1;
Dep1289;Cat6;
Dep1289;Cat7;
Dep1290;Cat3;
Dep1290;Cat4;
Dep1290;Cat5;
Dep1291;Cat9;
Dep1292;Cat9;
Dep1293;Cat9;
Dep1294;Cat9;
Dep1295;Cat3;
Dep1295;Cat4;
Dep1295;Cat5;
Dep1296;Cat1;
Dep1296;Cat6;
Dep1296;Cat7;
Dep1297;Cat3;
Dep1297;Cat4;
Dep1297;Cat5;
Dep1298;Cat3;
Dep1298;Cat4;
Dep1298;Cat5;
Dep1299;Cat1;
Dep1299;Cat6;
Dep1299;Cat7;
Dep1300;Cat1;
Dep1300;Cat6;
Dep1300;Cat7;
Dep1301;Cat12;
Dep1302;Cat1;
Dep1302;Cat6;
Dep1302;Cat7;
Dep1303;Cat1;
Dep1303;Cat6;
Dep1303;Cat7;
Dep1304;Cat1;
Dep1304;Cat6;
Dep1304;Cat7;
Dep1305;Cat10;
Dep1306;Cat1;
Dep1306;Cat6;
Dep1306;Cat7;
Dep1307;Cat3;
Dep1307;Cat4;
Dep1307;Cat5;
Dep1308;Cat3;
Dep1308;Cat4;
Dep1308;Cat5;
Dep1309;Cat12;
Dep1310;Cat1;
Dep1310;Cat6;
Dep1310;Cat7;
Dep1311;Cat3;
Dep1311;Cat4;
Dep1311;Cat5;
Dep1312;Cat10;
Dep1313;Cat10;
Dep1314;Cat1;
Dep1314;Cat6;
Dep1314;Cat7;
Dep1315;Cat3;
Dep1315;Cat4;
Dep1315;Cat5;
Dep1316;Cat3;
Dep1316;Cat4;
Dep1316;Cat5;
Dep1317;Cat10;
Dep1318;Cat1;
Dep1318;Cat6;
Dep1318;Cat7;
Dep1319;Cat1;
Dep1319;Cat6;
Dep1319;Cat7;
Dep1320;Cat13;
Dep1321;Cat3;
Dep1321;Cat4;
Dep1321;Cat5;
Dep1322;Cat1;
Dep1322;Cat6;
Dep1322;Cat7;
Dep1323;Cat1;
Dep1323;Cat6;
Dep1323;Cat7;
Dep1324;Cat3;
Dep1324;Cat4;
Dep1324;Cat5;
Dep1325;Cat1;
Dep1325;Cat6;
Dep1325;Cat7;
Dep1326;Cat9;
Dep1327;Cat9;
Dep1328;Cat1;
Dep1328;Cat6;
Dep1328;Cat7;
Dep1329;Cat10;
Dep1330;Cat1;
Dep1330;Cat6;
Dep1330;Cat7;
Dep1331;Cat12;
Dep1332;Cat12;
Dep1333;Cat1;
Dep1333;Cat6;
Dep1333;Cat7;
Dep1334;Cat3;
Dep1334;Cat4;
Dep1334;Cat5;
Dep1335;Cat12;
Dep1336;Cat12;
Dep1337;Cat3;
Dep1337;Cat4;
Dep1337;Cat5;
Dep1338;Cat3;
Dep1338;Cat4;
Dep1338;Cat5;
Dep1339;Cat10;
Dep1340;Cat10;
Dep1341;Cat10;
Dep1342;Cat1;
Dep1342;Cat6;
Dep1342;Cat7;
Dep1343;Cat10;
Dep1344;Cat1;
Dep1344;Cat6;
Dep1344;Cat7;
Dep1345;Cat12;
Dep1346;Cat1;
Dep1346;Cat6;
Dep1346;Cat7;
Dep1347;Cat3;
Dep1347;Cat4;
Dep1347;Cat5;
Dep1348;Cat3;
Dep1348;Cat4;
Dep1348;Cat5;
Dep1349;Cat1;
Dep1349;Cat6;
Dep1349;Cat7;
Dep1350;Cat3;
Dep1350;Cat4;
Dep1350;Cat5;
Dep1351;Cat3;
Dep1351;Cat4;
Dep1351;Cat5;
Dep1352;Cat3;
Dep1352;Cat4;
Dep1352;Cat5;
Dep1353;Cat1;
Dep1353;Cat6;
Dep1353;Cat7;
Dep1354;Cat12;
Dep1355;Cat3;
Dep1355;Cat4;
Dep1355;Cat5;
Dep1356;Cat11;
Dep1357;Cat2;
Dep1358;Cat3;
Dep1358;Cat4;
Dep1358;Cat5;
Dep1359;Cat1;
Dep1359;Cat6;
Dep1359;Cat7;
Dep1360;Cat1;
Dep1360;Cat6;
Dep1360;Cat7;
Dep1361;Cat1;
Dep1361;Cat6;
Dep1361;Cat7;
Dep1362;Cat1;
Dep1362;Cat6;
Dep1362;Cat7;
Dep1363;Cat1;
Dep1363;Cat6;
Dep1363;Cat7;
Dep1364;Cat1;
Dep1364;Cat6;
Dep1364;Cat7;
Dep1365;Cat2;
Dep1366;Cat3;
Dep1366;Cat4;
Dep1366;Cat5;
Dep1367;Cat3;
Dep1367;Cat4;
Dep1367;Cat5;
Dep1368;Cat2;
Dep1369;Cat2;
Dep1370;Cat3;
Dep1370;Cat4;
Dep1370;Cat5;
Dep1371;Cat3;
Dep1371;Cat4;
Dep1371;Cat5;
Dep1372;Cat10;
Dep1373;Cat10;
Dep1374;Cat3;
Dep1374;Cat4;
Dep1374;Cat5;
Dep1375;Cat1;
Dep1375;Cat6;
Dep1375;Cat7;
Dep1376;Cat1;
Dep1376;Cat6;
Dep1376;Cat7;
Dep1377;Cat12;
Dep1378;Cat10;
Dep1379;Cat3;
Dep1379;Cat4;
Dep1379;Cat5;
Dep1380;Cat3;
Dep1380;Cat4;
Dep1380;Cat5;
Dep1381;Cat10;
Dep1382;Cat10;
Dep1383;Cat9;
Dep1384;Cat9;
Dep1385;Cat1;
Dep1385;Cat6;
Dep1385;Cat7;
Dep1386;Cat1;
Dep1386;Cat6;
Dep1386;Cat7;
Dep1387;Cat1;
Dep1387;Cat6;
Dep1387;Cat7;
Dep1388;Cat12;
Dep1389;Cat1;
Dep1389;Cat6;
Dep1389;Cat7;
Dep1390;Cat1;
Dep1390;Cat6;
Dep1390;Cat7;
Dep1391;Cat1;
Dep1391;Cat6;
Dep1391;Cat7;
Dep1392;Cat1;
Dep1392;Cat6;
Dep1392;Cat7;
Dep1393;Cat3;
Dep1393;Cat4;
Dep1393;Cat5;
Dep1394;Cat3;
Dep1394;Cat4;
Dep1394;Cat5;
Dep1395;Cat11;
Dep1396;Cat10;
Dep1397;Cat10;
Dep1398;Cat1;
Dep1398;Cat6;
Dep1398;Cat7;
Dep1399;Cat3;
Dep1399;Cat4;
Dep1399;Cat5;
Dep1400;Cat3;
Dep1400;Cat4;
Dep1400;Cat5;
Dep1401;Cat3;
Dep1401;Cat4;
Dep1401;Cat5;
Dep1402;Cat1;
Dep1402;Cat6;
Dep1402;Cat7;
Dep1403;Cat11;
Dep1404;Cat12;
Dep1405;Cat1;
Dep1405;Cat6;
Dep1405;Cat7;
Dep1406;Cat10;
Dep1407;Cat10;
Dep1408;Cat10;
Dep1409;Cat10;
Dep1410;Cat10;
Dep1411;Cat12;
Dep1412;Cat1;
Dep1412;Cat6;
Dep1412;Cat7;
Dep1413;Cat10;
Dep1414;Cat3;
Dep1414;Cat4;
Dep1414;Cat5;
Dep1415;Cat3;
Dep1415;Cat4;
Dep1415;Cat5;
Dep1416;Cat1;
Dep1416;Cat6;
Dep1416;Cat7;
Dep1417;Cat1;
Dep1417;Cat6;
Dep1417;Cat7;
Dep1418;Cat1;
Dep1418;Cat6;
Dep1418;Cat7;
Dep1419;Cat10;
Dep1420;Cat10;
Dep1421;Cat12;
Dep1422;Cat3;
Dep1422;Cat4;
Dep1422;Cat5;
Dep1423;Cat11;
Dep1424;Cat2;
Dep1425;Cat10;
Dep1426;Cat1;
Dep1426;Cat6;
Dep1426;Cat7;
Dep1427;Cat3;
Dep1427;Cat4;
Dep1427;Cat5;
Dep1428;Cat3;
Dep1428;Cat4;
Dep1428;Cat5;
Dep1429;Cat2;
Dep1430;Cat2;
Dep1431;Cat1;
Dep1431;Cat6;
Dep1431;Cat7;
Dep1432;Cat10;
Dep1433;Cat3;
Dep1433;Cat4;
Dep1433;Cat5;
Dep1434;Cat1;
Dep1434;Cat6;
Dep1434;Cat7;
Dep1435;Cat1;
Dep1435;Cat6;
Dep1435;Cat7;
Dep1436;Cat3;
Dep1436;Cat4;
Dep1436;Cat5;
Dep1437;Cat1;
Dep1437;Cat6;
Dep1437;Cat7;
Dep1438;Cat12;
Dep1439;Cat10;
Dep1440;Cat11;
Dep1441;Cat1;
Dep1441;Cat6;
Dep1441;Cat7;
Dep1442;Cat2;
Dep1443;Cat2;
Dep1444;Cat10;
Dep1445;Cat10;
Dep1446;Cat3;
Dep1446;Cat4;
Dep1446;Cat5;
Dep1447;Cat3;
Dep1447;Cat4;
Dep1447;Cat5;
Dep1448;Cat3;
Dep1448;Cat4;
Dep1448;Cat5;
Dep1449;Cat12;
Dep1450;Cat1;
Dep1450;Cat6;
Dep1450;Cat7;
Dep1451;Cat3;
Dep1451;Cat4;
Dep1451;Cat5;
Dep1452;Cat3;
Dep1452;Cat4;
Dep1452;Cat5;
Dep1453;Cat10;
Dep1454;Cat10;
Dep1455;Cat3;
Dep1455;Cat4;
Dep1455;Cat5;
Dep1456;Cat3;
Dep1456;Cat4;
Dep1456;Cat5;
Dep1457;Cat10;
Dep1458;Cat1;
Dep1458;Cat6;
Dep1458;Cat7;
Dep1459;Cat2;
Dep1460;Cat2;
Dep1461;Cat3;
Dep1461;Cat4;
Dep1461;Cat5;
Dep1462;Cat3;
Dep1462;Cat4;
Dep1462;Cat5;
Dep1463;Cat10;
Dep1464;Cat1;
Dep1464;Cat6;
Dep1464;Cat7;
Dep1465;Cat1;
Dep1465;Cat6;
Dep1465;Cat7;
Dep1466;Cat1;
Dep1466;Cat6;
Dep1466;Cat7;
Dep1467;Cat10;
Dep1468;Cat3;
Dep1468;Cat4;
Dep1468;Cat5;
Dep1469;Cat1;
Dep1469;Cat6;
Dep1469;Cat7;
Dep1470;Cat1;
Dep1470;Cat6;
Dep1470;Cat7;
Dep1471;Cat3;
Dep1471;Cat4;
Dep1471;Cat5;
Dep1472;Cat3;
Dep1472;Cat4;
Dep1472;Cat5;
Dep1473;Cat10;
Dep1474;Cat10;
Dep1475;Cat11;
Dep1476;Cat1;
Dep1476;Cat6;
Dep1476;Cat7;
Dep1477;Cat3;
Dep1477;Cat4;
Dep1477;Cat5;
Dep1478;Cat3;
Dep1478;Cat4;
Dep1478;Cat5;
Dep1479;Cat10;
Dep1480;Cat10;
Dep1481;Cat10;
Dep1482;Cat10;
Dep1483;Cat3;
Dep1483;Cat4;
Dep1483;Cat5;
Dep1484;Cat3;
Dep1484;Cat4;
Dep1484;Cat5;
Dep1485;Cat1;
Dep1485;Cat6;
Dep1485;Cat7;
Dep1486;Cat1;
Dep1486;Cat6;
Dep1486;Cat7;
Dep1487;Cat1;
Dep1487;Cat6;
Dep1487;Cat7;
Dep1488;Cat1;
Dep1488;Cat6;
Dep1488;Cat7;
Dep1489;Cat1;
Dep1489;Cat6;
Dep1489;Cat7;
Dep1490;Cat1;
Dep1490;Cat6;
Dep1490;Cat7;
Dep1491;Cat3;
Dep1491;Cat4;
Dep1491;Cat5;
Dep1492;Cat1;
Dep1492;Cat6;
Dep1492;Cat7;
Dep1493;Cat10;
Dep1494;Cat10;
Dep1495;Cat3;
Dep1495;Cat4;
Dep1495;Cat5;
Dep1496;Cat1;
Dep1496;Cat6;
Dep1496;Cat7;
Dep1497;Cat3;
Dep1497;Cat4;
Dep1497;Cat5;
Dep1498;Cat3;
Dep1498;Cat4;
Dep1498;Cat5;
Dep1499;Cat1;
Dep1499;Cat6;
Dep1499;Cat7;
