arrival;departure;
Arr1;Dep19;
Arr2;Dep20;
Arr3;Dep11;
Arr6;Dep22;
Arr7;Dep1143;
Arr8;Dep23;
Arr9;Dep26;
Arr10;Dep30;
Arr11;Dep29;
Arr12;Dep31;
Arr13;Dep32;
Arr14;Dep36;
Arr18;Dep37;
Arr20;Dep154;
Arr21;Dep52;
Arr22;Dep53;
Arr23;Dep39;
Arr25;Dep94;
Arr27;Dep137;
Arr28;Dep138;
Arr29;Dep51;
Arr31;Dep56;
Arr32;Dep160;
Arr33;Dep161;
Arr34;Dep49;
Arr36;Dep45;
Arr37;Dep46;
Arr39;Dep113;
Arr40;Dep114;
Arr41;Dep136;
Arr42;Dep47;
Arr43;Dep50;
Arr44;Dep131;
Arr45;Dep132;
Arr46;Dep81;
Arr47;Dep82;
Arr53;Dep89;
Arr54;Dep93;
Arr59;Dep1346;
Arr64;Dep58;
Arr71;Dep1179;
Arr72;Dep1180;
Arr75;Dep71;
Arr76;Dep87;
Arr77;Dep88;
Arr78;Dep90;
Arr81;Dep1363;
Arr82;Dep74;
Arr88;Dep96;
Arr89;Dep97;
Arr91;Dep91;
Arr93;Dep95;
Arr94;Dep99;
Arr95;Dep1392;
Arr96;Dep124;
Arr97;Dep125;
Arr99;Dep109;
Arr100;Dep110;
Arr101;Dep104;
Arr102;Dep105;
Arr103;Dep135;
Arr108;Dep102;
Arr110;Dep126;
Arr111;Dep140;
Arr112;Dep108;
Arr113;Dep119;
Arr114;Dep120;
Arr115;Dep1225;
Arr116;Dep1226;
Arr117;Dep178;
Arr118;Dep112;
Arr119;Dep116;
Arr120;Dep117;
Arr121;Dep115;
Arr123;Dep128;
Arr124;Dep129;
Arr125;Dep127;
Arr126;Dep173;
Arr127;Dep130;
Arr128;Dep164;
Arr129;Dep147;
Arr131;Dep144;
Arr132;Dep145;
Arr134;Dep146;
Arr135;Dep151;
Arr136;Dep152;
Arr137;Dep149;
Arr139;Dep168;
Arr140;Dep241;
Arr142;Dep162;
Arr143;Dep163;
Arr144;Dep177;
Arr145;Dep166;
Arr146;Dep167;
Arr147;Dep1458;
Arr148;Dep172;
Arr151;Dep183;
Arr152;Dep184;
Arr153;Dep1267;
Arr154;Dep171;
Arr155;Dep192;
Arr157;Dep176;
Arr158;Dep220;
Arr160;Dep182;
Arr162;Dep190;
Arr163;Dep189;
Arr166;Dep197;
Arr168;Dep199;
Arr169;Dep200;
Arr170;Dep186;
Arr171;Dep187;
Arr174;Dep194;
Arr175;Dep195;
Arr176;Dep193;
Arr179;Dep209;
Arr180;Dep210;
Arr181;Dep206;
Arr182;Dep207;
Arr183;Dep203;
Arr184;Dep201;
Arr187;Dep198;
Arr189;Dep211;
Arr192;Dep1289;
Arr195;Dep264;
Arr196;Dep205;
Arr199;Dep215;
Arr200;Dep214;
Arr203;Dep1121;
Arr204;Dep1122;
Arr209;Dep273;
Arr210;Dep218;
Arr218;Dep258;
Arr220;Dep225;
Arr223;Dep271;
Arr233;Dep244;
Arr234;Dep236;
Arr235;Dep237;
Arr236;Dep242;
Arr238;Dep243;
Arr239;Dep247;
Arr240;Dep250;
Arr244;Dep251;
Arr245;Dep252;
Arr246;Dep253;
Arr247;Dep255;
Arr251;Dep256;
Arr253;Dep363;
Arr255;Dep257;
Arr257;Dep307;
Arr258;Dep348;
Arr259;Dep349;
Arr260;Dep260;
Arr261;Dep265;
Arr263;Dep261;
Arr264;Dep262;
Arr266;Dep324;
Arr267;Dep325;
Arr268;Dep346;
Arr269;Dep263;
Arr270;Dep266;
Arr271;Dep340;
Arr272;Dep341;
Arr274;Dep274;
Arr275;Dep366;
Arr276;Dep367;
Arr278;Dep302;
Arr279;Dep297;
Arr280;Dep298;
Arr281;Dep296;
Arr285;Dep278;
Arr286;Dep275;
Arr291;Dep330;
Arr293;Dep293;
Arr298;Dep288;
Arr299;Dep306;
Arr300;Dep303;
Arr303;Dep291;
Arr304;Dep295;
Arr309;Dep347;
Arr310;Dep313;
Arr311;Dep314;
Arr317;Dep304;
Arr318;Dep308;
Arr319;Dep319;
Arr320;Dep320;
Arr321;Dep311;
Arr324;Dep343;
Arr325;Dep316;
Arr326;Dep317;
Arr328;Dep312;
Arr330;Dep333;
Arr331;Dep342;
Arr332;Dep323;
Arr336;Dep386;
Arr338;Dep326;
Arr339;Dep328;
Arr340;Dep329;
Arr341;Dep327;
Arr343;Dep337;
Arr344;Dep338;
Arr345;Dep335;
Arr346;Dep344;
Arr347;Dep345;
Arr350;Dep371;
Arr351;Dep339;
Arr352;Dep355;
Arr353;Dep353;
Arr354;Dep354;
Arr355;Dep362;
Arr359;Dep358;
Arr360;Dep359;
Arr361;Dep357;
Arr363;Dep374;
Arr364;Dep455;
Arr365;Dep369;
Arr366;Dep370;
Arr367;Dep383;
Arr368;Dep372;
Arr369;Dep373;
Arr371;Dep379;
Arr375;Dep380;
Arr376;Dep392;
Arr377;Dep385;
Arr378;Dep398;
Arr381;Dep391;
Arr382;Dep396;
Arr383;Dep397;
Arr384;Dep403;
Arr385;Dep404;
Arr386;Dep434;
Arr387;Dep411;
Arr388;Dep412;
Arr389;Dep393;
Arr390;Dep394;
Arr392;Dep410;
Arr395;Dep405;
Arr396;Dep406;
Arr399;Dep401;
Arr402;Dep414;
Arr404;Dep413;
Arr406;Dep409;
Arr408;Dep423;
Arr410;Dep417;
Arr411;Dep418;
Arr414;Dep439;
Arr415;Dep416;
Arr416;Dep421;
Arr417;Dep422;
Arr420;Dep427;
Arr421;Dep426;
Arr424;Dep424;
Arr425;Dep425;
Arr430;Dep431;
Arr431;Dep433;
Arr439;Dep477;
Arr441;Dep449;
Arr445;Dep478;
Arr446;Dep479;
Arr447;Dep447;
Arr451;Dep484;
Arr453;Dep444;
Arr454;Dep452;
Arr455;Dep453;
Arr456;Dep456;
Arr458;Dep457;
Arr459;Dep459;
Arr460;Dep470;
Arr462;Dep464;
Arr463;Dep467;
Arr464;Dep468;
Arr465;Dep475;
Arr466;Dep471;
Arr472;Dep588;
Arr473;Dep476;
Arr477;Dep527;
Arr479;Dep487;
Arr480;Dep574;
Arr481;Dep575;
Arr482;Dep480;
Arr483;Dep485;
Arr487;Dep481;
Arr488;Dep482;
Arr489;Dep511;
Arr490;Dep543;
Arr491;Dep544;
Arr493;Dep571;
Arr494;Dep483;
Arr495;Dep486;
Arr496;Dep563;
Arr497;Dep564;
Arr501;Dep610;
Arr502;Dep611;
Arr504;Dep519;
Arr506;Dep514;
Arr507;Dep515;
Arr510;Dep495;
Arr511;Dep498;
Arr517;Dep503;
Arr520;Dep520;
Arr522;Dep505;
Arr523;Dep518;
Arr527;Dep510;
Arr528;Dep509;
Arr533;Dep576;
Arr534;Dep529;
Arr535;Dep530;
Arr536;Dep521;
Arr537;Dep534;
Arr538;Dep539;
Arr539;Dep540;
Arr542;Dep531;
Arr545;Dep566;
Arr546;Dep536;
Arr547;Dep537;
Arr549;Dep533;
Arr550;Dep557;
Arr552;Dep565;
Arr553;Dep541;
Arr554;Dep552;
Arr557;Dep614;
Arr558;Dep542;
Arr559;Dep572;
Arr560;Dep573;
Arr561;Dep567;
Arr563;Dep561;
Arr564;Dep562;
Arr565;Dep582;
Arr566;Dep558;
Arr567;Dep568;
Arr568;Dep569;
Arr569;Dep612;
Arr570;Dep560;
Arr573;Dep580;
Arr578;Dep577;
Arr579;Dep586;
Arr580;Dep587;
Arr581;Dep585;
Arr582;Dep598;
Arr586;Dep593;
Arr587;Dep594;
Arr588;Dep605;
Arr589;Dep596;
Arr590;Dep597;
Arr594;Dep618;
Arr595;Dep604;
Arr596;Dep630;
Arr597;Dep603;
Arr598;Dep607;
Arr601;Dep617;
Arr603;Dep623;
Arr604;Dep634;
Arr605;Dep635;
Arr606;Dep636;
Arr607;Dep662;
Arr608;Dep640;
Arr609;Dep641;
Arr611;Dep628;
Arr612;Dep629;
Arr618;Dep632;
Arr619;Dep633;
Arr620;Dep718;
Arr621;Dep631;
Arr624;Dep649;
Arr625;Dep650;
Arr627;Dep643;
Arr628;Dep642;
Arr630;Dep639;
Arr631;Dep638;
Arr634;Dep651;
Arr637;Dep645;
Arr638;Dep646;
Arr640;Dep647;
Arr643;Dep652;
Arr644;Dep653;
Arr645;Dep655;
Arr646;Dep654;
Arr655;Dep660;
Arr664;Dep703;
Arr670;Dep668;
Arr674;Dep704;
Arr675;Dep705;
Arr679;Dep675;
Arr681;Dep674;
Arr682;Dep682;
Arr683;Dep683;
Arr684;Dep686;
Arr687;Dep687;
Arr689;Dep689;
Arr690;Dep695;
Arr691;Dep691;
Arr693;Dep762;
Arr695;Dep697;
Arr696;Dep806;
Arr697;Dep807;
Arr699;Dep696;
Arr700;Dep699;
Arr706;Dep700;
Arr707;Dep834;
Arr710;Dep701;
Arr715;Dep715;
Arr717;Dep712;
Arr719;Dep744;
Arr720;Dep713;
Arr721;Dep714;
Arr722;Dep776;
Arr723;Dep777;
Arr724;Dep804;
Arr725;Dep710;
Arr726;Dep717;
Arr727;Dep721;
Arr728;Dep797;
Arr729;Dep798;
Arr733;Dep824;
Arr734;Dep825;
Arr738;Dep752;
Arr741;Dep746;
Arr742;Dep747;
Arr744;Dep727;
Arr745;Dep722;
Arr751;Dep735;
Arr754;Dep737;
Arr759;Dep753;
Arr762;Dep743;
Arr763;Dep805;
Arr764;Dep742;
Arr768;Dep760;
Arr769;Dep761;
Arr770;Dep764;
Arr771;Dep759;
Arr772;Dep771;
Arr773;Dep772;
Arr774;Dep789;
Arr775;Dep763;
Arr776;Dep788;
Arr778;Dep801;
Arr779;Dep768;
Arr780;Dep769;
Arr782;Dep766;
Arr786;Dep799;
Arr787;Dep773;
Arr788;Dep791;
Arr791;Dep842;
Arr792;Dep775;
Arr793;Dep782;
Arr794;Dep783;
Arr797;Dep794;
Arr798;Dep784;
Arr800;Dep795;
Arr801;Dep796;
Arr802;Dep792;
Arr803;Dep802;
Arr804;Dep803;
Arr805;Dep812;
Arr806;Dep813;
Arr809;Dep814;
Arr812;Dep818;
Arr813;Dep819;
Arr815;Dep808;
Arr818;Dep817;
Arr819;Dep845;
Arr821;Dep831;
Arr822;Dep905;
Arr823;Dep826;
Arr824;Dep827;
Arr825;Dep837;
Arr826;Dep829;
Arr827;Dep830;
Arr829;Dep871;
Arr831;Dep848;
Arr832;Dep836;
Arr833;Dep835;
Arr834;Dep854;
Arr835;Dep855;
Arr836;Dep856;
Arr837;Dep839;
Arr841;Dep852;
Arr842;Dep853;
Arr843;Dep846;
Arr844;Dep847;
Arr845;Dep887;
Arr846;Dep862;
Arr847;Dep863;
Arr849;Dep850;
Arr850;Dep851;
Arr854;Dep870;
Arr855;Dep857;
Arr860;Dep911;
Arr861;Dep864;
Arr862;Dep860;
Arr863;Dep861;
Arr865;Dep875;
Arr867;Dep867;
Arr868;Dep868;
Arr869;Dep899;
Arr871;Dep869;
Arr872;Dep873;
Arr873;Dep874;
Arr874;Dep879;
Arr875;Dep878;
Arr878;Dep881;
Arr879;Dep882;
Arr884;Dep933;
Arr885;Dep934;
Arr886;Dep884;
Arr889;Dep949;
Arr890;Dep950;
Arr891;Dep885;
Arr893;Dep927;
Arr905;Dep929;
Arr907;Dep892;
Arr916;Dep895;
Arr917;Dep903;
Arr918;Dep904;
Arr919;Dep906;
Arr921;Dep907;
Arr922;Dep910;
Arr923;Dep908;
Arr924;Dep913;
Arr925;Dep915;
Arr926;Dep914;
Arr927;Dep1031;
Arr928;Dep1032;
Arr929;Dep917;
Arr930;Dep918;
Arr937;Dep922;
Arr938;Dep923;
Arr939;Dep920;
Arr940;Dep1046;
Arr941;Dep977;
Arr944;Dep1049;
Arr945;Dep1050;
Arr946;Dep924;
Arr947;Dep930;
Arr949;Dep925;
Arr950;Dep926;
Arr953;Dep1002;
Arr954;Dep1003;
Arr955;Dep1028;
Arr956;Dep928;
Arr957;Dep931;
Arr958;Dep1023;
Arr959;Dep1024;
Arr963;Dep932;
Arr968;Dep971;
Arr969;Dep941;
Arr971;Dep964;
Arr972;Dep965;
Arr976;Dep937;
Arr980;Dep969;
Arr981;Dep970;
Arr984;Dep952;
Arr987;Dep972;
Arr991;Dep979;
Arr992;Dep980;
Arr994;Dep958;
Arr995;Dep956;
Arr1002;Dep974;
Arr1004;Dep978;
Arr1005;Dep995;
Arr1006;Dep996;
Arr1007;Dep984;
Arr1008;Dep1053;
Arr1010;Dep999;
Arr1011;Dep1000;
Arr1012;Dep1009;
Arr1013;Dep1010;
Arr1014;Dep1026;
Arr1015;Dep992;
Arr1016;Dep993;
Arr1018;Dep987;
Arr1020;Dep1007;
Arr1021;Dep1008;
Arr1022;Dep1015;
Arr1023;Dep1099;
Arr1024;Dep997;
Arr1029;Dep1092;
Arr1030;Dep1006;
Arr1031;Dep1004;
Arr1036;Dep1021;
Arr1037;Dep1022;
Arr1038;Dep1019;
Arr1039;Dep1055;
Arr1040;Dep1056;
Arr1041;Dep1066;
Arr1042;Dep1020;
Arr1044;Dep1040;
Arr1048;Dep1034;
Arr1049;Dep1060;
Arr1050;Dep1061;
Arr1051;Dep1063;
Arr1053;Dep1057;
Arr1054;Dep1175;
Arr1055;Dep1051;
Arr1056;Dep1052;
Arr1057;Dep1073;
Arr1058;Dep1054;
Arr1060;Dep1140;
Arr1061;Dep1141;
Arr1062;Dep1065;
Arr1065;Dep1064;
Arr1066;Dep1089;
Arr1067;Dep1087;
Arr1068;Dep1088;
Arr1073;Dep1084;
Arr1076;Dep1077;
Arr1077;Dep1078;
Arr1078;Dep1079;
Arr1079;Dep1086;
Arr1081;Dep1104;
Arr1082;Dep1105;
Arr1084;Dep1082;
Arr1085;Dep1083;
Arr1089;Dep1091;
Arr1090;Dep1090;
Arr1093;Dep1102;
Arr1096;Dep1101;
Arr1099;Dep1095;
Arr1100;Dep1096;
Arr1101;Dep1100;
Arr1102;Dep1177;
Arr1103;Dep1113;
Arr1107;Dep1106;
Arr1108;Dep1107;
Arr1109;Dep1163;
Arr1111;Dep1108;
Arr1112;Dep1118;
Arr1113;Dep1119;
Arr1115;Dep1117;
Arr1116;Dep1116;
Arr1129;Dep1123;
Arr1130;Dep1217;
Arr1131;Dep1218;
Arr1142;Dep1154;
Arr1143;Dep1126;
Arr1146;Dep1172;
Arr1159;Dep1147;
Arr1160;Dep1144;
Arr1161;Dep1150;
Arr1162;Dep1151;
Arr1163;Dep1152;
Arr1164;Dep1153;
Arr1165;Dep1205;
Arr1166;Dep1206;
Arr1168;Dep1164;
Arr1172;Dep1249;
Arr1173;Dep1161;
Arr1175;Dep1160;
Arr1176;Dep1158;
Arr1177;Dep1159;
Arr1181;Dep1162;
Arr1182;Dep1167;
Arr1185;Dep1295;
Arr1187;Dep1219;
Arr1188;Dep1170;
Arr1189;Dep1171;
Arr1192;Dep1181;
Arr1198;Dep1200;
Arr1199;Dep1227;
Arr1204;Dep1258;
Arr1211;Dep1186;
Arr1212;Dep1207;
Arr1213;Dep1208;
Arr1216;Dep1245;
Arr1217;Dep1246;
Arr1222;Dep1203;
Arr1223;Dep1209;
Arr1224;Dep1210;
Arr1225;Dep1211;
Arr1228;Dep1259;
Arr1229;Dep1260;
Arr1234;Dep1243;
Arr1235;Dep1215;
Arr1236;Dep1216;
Arr1237;Dep1253;
Arr1238;Dep1213;
Arr1239;Dep1234;
Arr1241;Dep1229;
Arr1242;Dep1230;
Arr1245;Dep1251;
Arr1246;Dep1224;
Arr1247;Dep1236;
Arr1248;Dep1237;
Arr1252;Dep1244;
Arr1254;Dep1235;
Arr1258;Dep1247;
Arr1259;Dep1248;
Arr1260;Dep1256;
Arr1261;Dep1257;
Arr1262;Dep1250;
Arr1264;Dep1309;
Arr1266;Dep1262;
Arr1271;Dep1271;
Arr1272;Dep1265;
Arr1273;Dep1266;
Arr1274;Dep1275;
Arr1276;Dep1279;
Arr1277;Dep1280;
Arr1280;Dep1273;
Arr1281;Dep1277;
Arr1282;Dep1278;
Arr1283;Dep1276;
Arr1284;Dep1313;
Arr1285;Dep1282;
Arr1286;Dep1283;
Arr1287;Dep1288;
Arr1295;Dep1284;
Arr1296;Dep1286;
Arr1297;Dep1287;
Arr1301;Dep1290;
Arr1306;Dep1335;
Arr1308;Dep1296;
Arr1309;Dep1320;
Arr1316;Dep1299;
Arr1320;Dep1297;
Arr1321;Dep1298;
Arr1325;Dep1425;
Arr1335;Dep1307;
Arr1336;Dep1308;
Arr1337;Dep1311;
Arr1338;Dep1375;
Arr1340;Dep1315;
Arr1341;Dep1316;
Arr1342;Dep1326;
Arr1343;Dep1327;
Arr1344;Dep1330;
Arr1345;Dep1441;
Arr1346;Dep1324;
Arr1350;Dep1328;
Arr1354;Dep1495;
Arr1355;Dep1398;
Arr1356;Dep1337;
Arr1357;Dep1338;
Arr1360;Dep1353;
Arr1361;Dep1410;
Arr1364;Dep1350;
Arr1365;Dep1351;
Arr1366;Dep1450;
Arr1373;Dep1475;
Arr1375;Dep1361;
Arr1378;Dep1445;
Arr1379;Dep1429;
Arr1380;Dep1430;
Arr1385;Dep1381;
Arr1386;Dep1382;
Arr1387;Dep1376;
Arr1388;Dep1383;
Arr1389;Dep1384;
Arr1390;Dep1396;
Arr1391;Dep1397;
Arr1392;Dep1385;
Arr1393;Dep1379;
Arr1394;Dep1380;
Arr1397;Dep1421;
Arr1398;Dep1393;
Arr1399;Dep1394;
Arr1401;Dep1390;
Arr1403;Dep1412;
Arr1404;Dep1432;
Arr1405;Dep1408;
Arr1406;Dep1409;
Arr1407;Dep1400;
Arr1408;Dep1401;
Arr1409;Dep1440;
Arr1411;Dep1402;
Arr1412;Dep1414;
Arr1413;Dep1415;
Arr1415;Dep1431;
Arr1417;Dep1416;
Arr1418;Dep1453;
Arr1419;Dep1454;
Arr1422;Dep1427;
Arr1423;Dep1428;
Arr1424;Dep1455;
Arr1425;Dep1456;
Arr1426;Dep1437;
Arr1427;Dep1468;
Arr1431;Dep1442;
Arr1432;Dep1443;
Arr1433;Dep1457;
Arr1434;Dep1464;
Arr1436;Dep1479;
Arr1437;Dep1480;
Arr1438;Dep1463;
Arr1440;Dep1461;
Arr1441;Dep1462;
Arr1445;Dep1473;
Arr1446;Dep1474;
Arr1447;Dep1470;
Arr1449;Dep1469;
Arr1450;Dep1471;
Arr1451;Dep1472;
Arr1453;Dep1481;
Arr1454;Dep1482;
Arr1455;Dep1477;
Arr1456;Dep1478;
Arr1459;Dep1494;
Arr1463;Dep1476;
Arr1464;Dep1483;
Arr1465;Dep1484;
Arr1469;Dep1491;
Arr1474;Dep1496;
Arr1485;Dep1499;
Arr1489;Dep1497;
Arr1490;Dep1498;
