idJointArr/Dep;arr/dep;positionInSequence;
JointArr1;Arr2;1;
JointArr1;Arr3;2;
JointArr2;Arr13;1;
JointArr2;Arr14;2;
JointArr3;Arr19;1;
JointArr3;Arr20;2;
JointArr4;Arr24;1;
JointArr4;Arr25;2;
JointArr5;Arr29;1;
JointArr5;Arr30;2;
JointArr6;Arr32;1;
JointArr6;Arr33;2;
JointArr7;Arr37;1;
JointArr7;Arr38;2;
JointArr8;Arr41;1;
JointArr8;Arr42;2;
JointArr9;Arr46;1;
JointArr9;Arr47;2;
JointArr10;Arr49;1;
JointArr10;Arr50;2;
JointArr11;Arr53;1;
JointArr11;Arr54;2;
JointArr12;Arr56;1;
JointArr12;Arr57;2;
JointArr13;Arr58;1;
JointArr13;Arr59;2;
JointArr14;Arr61;1;
JointArr14;Arr62;2;
JointArr15;Arr64;1;
JointArr15;Arr65;2;
JointArr16;Arr68;1;
JointArr16;Arr69;2;
JointArr17;Arr70;1;
JointArr17;Arr71;2;
JointArr18;Arr72;1;
JointArr18;Arr73;2;
JointArr19;Arr78;1;
JointArr19;Arr79;2;
JointArr20;Arr81;1;
JointArr20;Arr82;2;
JointArr21;Arr84;1;
JointArr21;Arr85;2;
JointArr22;Arr91;1;
JointArr22;Arr92;2;
JointArr23;Arr93;1;
JointArr23;Arr94;2;
JointArr24;Arr97;1;
JointArr24;Arr98;2;
JointArr25;Arr101;1;
JointArr25;Arr102;2;
JointArr26;Arr108;1;
JointArr26;Arr109;2;
JointArr27;Arr112;1;
JointArr27;Arr113;2;
JointArr28;Arr118;1;
JointArr28;Arr119;2;
JointArr29;Arr121;1;
JointArr29;Arr122;2;
JointArr30;Arr124;1;
JointArr30;Arr125;2;
JointArr31;Arr134;1;
JointArr31;Arr135;2;
JointArr32;Arr137;1;
JointArr32;Arr138;2;
JointArr33;Arr139;1;
JointArr33;Arr140;2;
JointArr34;Arr143;1;
JointArr34;Arr144;2;
JointArr35;Arr146;1;
JointArr35;Arr147;2;
JointArr36;Arr156;1;
JointArr36;Arr157;2;
JointArr37;Arr160;1;
JointArr37;Arr161;2;
JointArr38;Arr164;1;
JointArr38;Arr165;2;
JointArr39;Arr166;1;
JointArr39;Arr167;2;
JointArr40;Arr170;1;
JointArr40;Arr171;2;
JointArr41;Arr176;1;
JointArr41;Arr177;2;
JointArr42;Arr182;1;
JointArr42;Arr183;2;
JointArr43;Arr187;1;
JointArr43;Arr188;2;
JointArr44;Arr190;1;
JointArr44;Arr191;2;
JointArr45;Arr193;1;
JointArr45;Arr194;2;
JointArr46;Arr204;1;
JointArr46;Arr205;2;
JointArr47;Arr213;1;
JointArr47;Arr214;2;
JointArr48;Arr218;1;
JointArr48;Arr219;2;
JointArr49;Arr221;1;
JointArr49;Arr222;2;
JointArr50;Arr226;1;
JointArr50;Arr227;2;
JointArr51;Arr230;1;
JointArr51;Arr231;2;
JointArr52;Arr235;1;
JointArr52;Arr236;2;
JointArr53;Arr241;1;
JointArr53;Arr242;2;
JointArr54;Arr245;1;
JointArr54;Arr246;2;
JointArr55;Arr250;1;
JointArr55;Arr251;2;
JointArr56;Arr254;1;
JointArr56;Arr255;2;
JointArr57;Arr257;1;
JointArr57;Arr258;2;
JointArr58;Arr261;1;
JointArr58;Arr262;2;
JointArr59;Arr267;1;
JointArr59;Arr268;2;
JointArr60;Arr275;1;
JointArr60;Arr276;2;
JointArr61;Arr279;1;
JointArr61;Arr280;2;
JointArr62;Arr283;1;
JointArr62;Arr284;2;
JointArr63;Arr286;1;
JointArr63;Arr287;2;
JointArr64;Arr291;1;
JointArr64;Arr292;2;
JointArr65;Arr295;1;
JointArr65;Arr296;2;
JointArr66;Arr301;1;
JointArr66;Arr302;2;
JointArr67;Arr304;1;
JointArr67;Arr305;2;
JointArr68;Arr307;1;
JointArr68;Arr308;2;
JointArr69;Arr317;1;
JointArr69;Arr318;2;
JointArr70;Arr320;1;
JointArr70;Arr321;2;
JointArr71;Arr322;1;
JointArr71;Arr323;2;
JointArr72;Arr326;1;
JointArr72;Arr327;2;
JointArr73;Arr329;1;
JointArr73;Arr330;2;
JointArr74;Arr339;1;
JointArr74;Arr340;2;
JointArr75;Arr343;1;
JointArr75;Arr344;2;
JointArr76;Arr347;1;
JointArr76;Arr348;2;
JointArr77;Arr349;1;
JointArr77;Arr350;2;
JointArr78;Arr353;1;
JointArr78;Arr354;2;
JointArr79;Arr364;1;
JointArr79;Arr365;2;
JointArr80;Arr366;1;
JointArr80;Arr367;2;
JointArr81;Arr374;1;
JointArr81;Arr375;2;
JointArr82;Arr385;1;
JointArr82;Arr386;2;
JointArr83;Arr394;1;
JointArr83;Arr395;2;
JointArr84;Arr399;1;
JointArr84;Arr400;2;
JointArr85;Arr402;1;
JointArr85;Arr403;2;
JointArr86;Arr407;1;
JointArr86;Arr408;2;
JointArr87;Arr411;1;
JointArr87;Arr412;2;
JointArr88;Arr416;1;
JointArr88;Arr417;2;
JointArr89;Arr422;1;
JointArr89;Arr423;2;
JointArr90;Arr426;1;
JointArr90;Arr427;2;
JointArr91;Arr431;1;
JointArr91;Arr432;2;
JointArr92;Arr435;1;
JointArr92;Arr436;2;
JointArr93;Arr438;1;
JointArr93;Arr439;2;
JointArr94;Arr442;1;
JointArr94;Arr443;2;
JointArr95;Arr448;1;
JointArr95;Arr449;2;
JointArr96;Arr456;1;
JointArr96;Arr457;2;
JointArr97;Arr460;1;
JointArr97;Arr461;2;
JointArr98;Arr464;1;
JointArr98;Arr465;2;
JointArr99;Arr467;1;
JointArr99;Arr468;2;
JointArr100;Arr475;1;
JointArr100;Arr476;2;
JointArr101;Arr481;1;
JointArr101;Arr482;2;
JointArr102;Arr484;1;
JointArr102;Arr485;2;
JointArr103;Arr487;1;
JointArr103;Arr488;2;
JointArr104;Arr497;1;
JointArr104;Arr498;2;
JointArr105;Arr500;1;
JointArr105;Arr501;2;
JointArr106;Arr503;1;
JointArr106;Arr504;2;
JointArr107;Arr506;1;
JointArr107;Arr507;2;
JointArr108;Arr509;1;
JointArr108;Arr510;2;
JointArr109;Arr519;1;
JointArr109;Arr520;2;
JointArr110;Arr523;1;
JointArr110;Arr524;2;
JointArr111;Arr527;1;
JointArr111;Arr528;2;
JointArr112;Arr529;1;
JointArr112;Arr530;2;
JointArr113;Arr533;1;
JointArr113;Arr534;2;
JointArr114;Arr539;1;
JointArr114;Arr540;2;
JointArr115;Arr545;1;
JointArr115;Arr546;2;
JointArr116;Arr547;1;
JointArr116;Arr548;2;
JointArr117;Arr555;1;
JointArr117;Arr556;2;
JointArr118;Arr566;1;
JointArr118;Arr567;2;
JointArr119;Arr575;1;
JointArr119;Arr576;2;
JointArr120;Arr581;1;
JointArr120;Arr582;2;
JointArr121;Arr583;1;
JointArr121;Arr584;2;
JointArr122;Arr588;1;
JointArr122;Arr589;2;
JointArr123;Arr592;1;
JointArr123;Arr593;2;
JointArr124;Arr597;1;
JointArr124;Arr598;2;
JointArr125;Arr603;1;
JointArr125;Arr604;2;
JointArr126;Arr607;1;
JointArr126;Arr608;2;
JointArr127;Arr610;1;
JointArr127;Arr611;2;
JointArr128;Arr613;1;
JointArr128;Arr614;2;
JointArr129;Arr618;1;
JointArr129;Arr619;2;
JointArr130;Arr621;1;
JointArr130;Arr622;2;
JointArr131;Arr625;1;
JointArr131;Arr626;2;
JointArr132;Arr631;1;
JointArr132;Arr632;2;
JointArr133;Arr639;1;
JointArr133;Arr640;2;
JointArr134;Arr643;1;
JointArr134;Arr644;2;
JointArr135;Arr647;1;
JointArr135;Arr648;2;
JointArr136;Arr650;1;
JointArr136;Arr651;2;
JointArr137;Arr655;1;
JointArr137;Arr656;2;
JointArr138;Arr659;1;
JointArr138;Arr660;2;
JointArr139;Arr665;1;
JointArr139;Arr666;2;
JointArr140;Arr668;1;
JointArr140;Arr669;2;
JointArr141;Arr671;1;
JointArr141;Arr672;2;
JointArr142;Arr681;1;
JointArr142;Arr682;2;
JointArr143;Arr684;1;
JointArr143;Arr685;2;
JointArr144;Arr687;1;
JointArr144;Arr688;2;
JointArr145;Arr690;1;
JointArr145;Arr691;2;
JointArr146;Arr693;1;
JointArr146;Arr694;2;
JointArr147;Arr703;1;
JointArr147;Arr704;2;
JointArr148;Arr707;1;
JointArr148;Arr708;2;
JointArr149;Arr711;1;
JointArr149;Arr712;2;
JointArr150;Arr713;1;
JointArr150;Arr714;2;
JointArr151;Arr717;1;
JointArr151;Arr718;2;
JointArr152;Arr722;1;
JointArr152;Arr723;2;
JointArr153;Arr729;1;
JointArr153;Arr730;2;
JointArr154;Arr731;1;
JointArr154;Arr732;2;
JointArr155;Arr736;1;
JointArr155;Arr737;2;
JointArr156;Arr739;1;
JointArr156;Arr740;2;
JointArr157;Arr741;1;
JointArr157;Arr742;2;
JointArr158;Arr744;1;
JointArr158;Arr745;2;
JointArr159;Arr755;1;
JointArr159;Arr756;2;
JointArr160;Arr761;1;
JointArr160;Arr762;2;
JointArr161;Arr766;1;
JointArr161;Arr767;2;
JointArr162;Arr771;1;
JointArr162;Arr772;2;
JointArr163;Arr773;1;
JointArr163;Arr774;2;
JointArr164;Arr775;1;
JointArr164;Arr776;2;
JointArr165;Arr780;1;
JointArr165;Arr781;2;
JointArr166;Arr784;1;
JointArr166;Arr785;2;
JointArr167;Arr789;1;
JointArr167;Arr790;2;
JointArr168;Arr795;1;
JointArr168;Arr796;2;
JointArr169;Arr798;1;
JointArr169;Arr799;2;
JointArr170;Arr800;1;
JointArr170;Arr801;2;
JointArr171;Arr805;1;
JointArr171;Arr806;2;
JointArr172;Arr809;1;
JointArr172;Arr810;2;
JointArr173;Arr812;1;
JointArr173;Arr813;2;
JointArr174;Arr816;1;
JointArr174;Arr817;2;
JointArr175;Arr821;1;
JointArr175;Arr822;2;
JointArr176;Arr824;1;
JointArr176;Arr825;2;
JointArr177;Arr831;1;
JointArr177;Arr832;2;
JointArr178;Arr833;1;
JointArr178;Arr834;2;
JointArr179;Arr837;1;
JointArr179;Arr838;2;
JointArr180;Arr841;1;
JointArr180;Arr842;2;
JointArr181;Arr848;1;
JointArr181;Arr849;2;
JointArr182;Arr852;1;
JointArr182;Arr853;2;
JointArr183;Arr858;1;
JointArr183;Arr859;2;
JointArr184;Arr863;1;
JointArr184;Arr864;2;
JointArr185;Arr866;1;
JointArr185;Arr867;2;
JointArr186;Arr870;1;
JointArr186;Arr871;2;
JointArr187;Arr875;1;
JointArr187;Arr876;2;
JointArr188;Arr878;1;
JointArr188;Arr879;2;
JointArr189;Arr881;1;
JointArr189;Arr882;2;
JointArr190;Arr887;1;
JointArr190;Arr888;2;
JointArr191;Arr891;1;
JointArr191;Arr892;2;
JointArr192;Arr893;1;
JointArr192;Arr894;2;
JointArr193;Arr899;1;
JointArr193;Arr900;2;
JointArr194;Arr903;1;
JointArr194;Arr904;2;
JointArr195;Arr907;1;
JointArr195;Arr908;2;
JointArr196;Arr909;1;
JointArr196;Arr910;2;
JointArr197;Arr912;1;
JointArr197;Arr913;2;
JointArr198;Arr915;1;
JointArr198;Arr916;2;
JointArr199;Arr918;1;
JointArr199;Arr919;2;
JointArr200;Arr920;1;
JointArr200;Arr921;2;
JointArr200;Arr922;3;
JointArr201;Arr923;1;
JointArr201;Arr924;2;
JointArr202;Arr927;1;
JointArr202;Arr928;2;
JointArr203;Arr929;1;
JointArr203;Arr930;2;
JointArr204;Arr932;1;
JointArr204;Arr933;2;
JointArr205;Arr936;1;
JointArr205;Arr937;2;
JointArr206;Arr942;1;
JointArr206;Arr943;2;
JointArr207;Arr945;1;
JointArr207;Arr946;2;
JointArr208;Arr948;1;
JointArr208;Arr949;2;
JointArr209;Arr954;1;
JointArr209;Arr955;2;
JointArr210;Arr956;1;
JointArr210;Arr957;2;
JointArr211;Arr961;1;
JointArr211;Arr962;2;
JointArr212;Arr966;1;
JointArr212;Arr967;2;
JointArr213;Arr973;1;
JointArr213;Arr974;2;
JointArr214;Arr978;1;
JointArr214;Arr979;2;
JointArr215;Arr983;1;
JointArr215;Arr984;2;
JointArr216;Arr985;1;
JointArr216;Arr986;2;
JointArr217;Arr987;1;
JointArr217;Arr988;2;
JointArr218;Arr990;1;
JointArr218;Arr991;2;
JointArr219;Arr993;1;
JointArr219;Arr994;2;
JointArr220;Arr995;1;
JointArr220;Arr996;2;
JointArr221;Arr1000;1;
JointArr221;Arr1001;2;
JointArr222;Arr1006;1;
JointArr222;Arr1007;2;
JointArr223;Arr1008;1;
JointArr223;Arr1009;2;
JointArr224;Arr1012;1;
JointArr224;Arr1013;2;
JointArr225;Arr1018;1;
JointArr225;Arr1019;2;
JointArr226;Arr1021;1;
JointArr226;Arr1022;2;
JointArr227;Arr1023;1;
JointArr227;Arr1024;2;
JointArr228;Arr1031;1;
JointArr228;Arr1032;2;
JointArr229;Arr1035;1;
JointArr229;Arr1036;2;
JointArr230;Arr1039;1;
JointArr230;Arr1040;2;
JointArr231;Arr1044;1;
JointArr231;Arr1045;2;
JointArr232;Arr1048;1;
JointArr232;Arr1049;2;
JointArr233;Arr1052;1;
JointArr233;Arr1053;2;
JointArr234;Arr1056;1;
JointArr234;Arr1057;2;
JointArr235;Arr1058;1;
JointArr235;Arr1059;2;
JointArr236;Arr1063;1;
JointArr236;Arr1064;2;
JointArr237;Arr1066;1;
JointArr237;Arr1067;2;
JointArr238;Arr1071;1;
JointArr238;Arr1072;2;
JointArr239;Arr1076;1;
JointArr239;Arr1077;2;
JointArr240;Arr1079;1;
JointArr240;Arr1080;2;
JointArr241;Arr1085;1;
JointArr241;Arr1086;2;
JointArr242;Arr1087;1;
JointArr242;Arr1088;2;
JointArr243;Arr1089;1;
JointArr243;Arr1090;2;
JointArr244;Arr1091;1;
JointArr244;Arr1092;2;
JointArr245;Arr1095;1;
JointArr245;Arr1096;2;
JointArr246;Arr1097;1;
JointArr246;Arr1098;2;
JointArr247;Arr1101;1;
JointArr247;Arr1102;2;
JointArr248;Arr1105;1;
JointArr248;Arr1106;2;
JointArr249;Arr1109;1;
JointArr249;Arr1110;2;
JointArr250;Arr1116;1;
JointArr250;Arr1117;2;
JointArr251;Arr1120;1;
JointArr251;Arr1121;2;
JointArr252;Arr1123;1;
JointArr252;Arr1124;2;
JointArr253;Arr1128;1;
JointArr253;Arr1129;2;
JointArr254;Arr1130;1;
JointArr254;Arr1131;2;
JointArr255;Arr1132;1;
JointArr255;Arr1133;2;
JointArr256;Arr1136;1;
JointArr256;Arr1137;2;
JointArr257;Arr1138;1;
JointArr257;Arr1139;2;
JointArr258;Arr1141;1;
JointArr258;Arr1142;2;
JointArr259;Arr1146;1;
JointArr259;Arr1147;2;
JointArr260;Arr1152;1;
JointArr260;Arr1153;2;
JointArr261;Arr1154;1;
JointArr261;Arr1155;2;
JointArr262;Arr1158;1;
JointArr262;Arr1159;2;
JointArr263;Arr1164;1;
JointArr263;Arr1165;2;
JointArr264;Arr1167;1;
JointArr264;Arr1168;2;
JointArr265;Arr1169;1;
JointArr265;Arr1170;2;
JointArr266;Arr1174;1;
JointArr266;Arr1175;2;
JointArr267;Arr1179;1;
JointArr267;Arr1180;2;
JointArr268;Arr1183;1;
JointArr268;Arr1184;2;
JointArr269;Arr1187;1;
JointArr269;Arr1188;2;
JointArr270;Arr1192;1;
JointArr270;Arr1193;2;
JointArr271;Arr1195;1;
JointArr271;Arr1196;2;
JointArr272;Arr1197;1;
JointArr272;Arr1198;2;
JointArr273;Arr1200;1;
JointArr273;Arr1201;2;
JointArr274;Arr1206;1;
JointArr274;Arr1207;2;
JointArr275;Arr1209;1;
JointArr275;Arr1210;2;
JointArr276;Arr1214;1;
JointArr276;Arr1215;2;
JointArr277;Arr1218;1;
JointArr277;Arr1219;2;
JointArr278;Arr1220;1;
JointArr278;Arr1221;2;
JointArr279;Arr1225;1;
JointArr279;Arr1226;2;
JointArr280;Arr1228;1;
JointArr280;Arr1229;2;
JointArr281;Arr1234;1;
JointArr281;Arr1235;2;
JointDep1;Dep6;1;
JointDep1;Dep7;2;
JointDep2;Dep12;1;
JointDep2;Dep13;2;
JointDep3;Dep16;1;
JointDep3;Dep17;2;
JointDep4;Dep34;1;
JointDep4;Dep35;2;
JointDep5;Dep37;1;
JointDep5;Dep38;2;
JointDep6;Dep44;1;
JointDep6;Dep45;2;
JointDep7;Dep52;1;
JointDep7;Dep53;2;
JointDep8;Dep56;1;
JointDep8;Dep57;2;
JointDep9;Dep65;1;
JointDep9;Dep66;2;
JointDep10;Dep68;1;
JointDep10;Dep69;2;
JointDep11;Dep70;1;
JointDep11;Dep71;2;
JointDep12;Dep78;1;
JointDep12;Dep79;2;
JointDep13;Dep85;1;
JointDep13;Dep86;2;
JointDep14;Dep87;1;
JointDep14;Dep88;2;
JointDep15;Dep90;1;
JointDep15;Dep91;2;
JointDep16;Dep94;1;
JointDep16;Dep95;2;
JointDep17;Dep97;1;
JointDep17;Dep98;2;
JointDep18;Dep100;1;
JointDep18;Dep101;2;
JointDep19;Dep102;1;
JointDep19;Dep103;2;
JointDep20;Dep106;1;
JointDep20;Dep107;2;
JointDep21;Dep109;1;
JointDep21;Dep110;2;
JointDep22;Dep114;1;
JointDep22;Dep115;2;
JointDep23;Dep119;1;
JointDep23;Dep120;2;
JointDep24;Dep121;1;
JointDep24;Dep122;2;
JointDep25;Dep126;1;
JointDep25;Dep127;2;
JointDep26;Dep131;1;
JointDep26;Dep132;2;
JointDep27;Dep133;1;
JointDep27;Dep134;2;
JointDep28;Dep136;1;
JointDep28;Dep137;2;
JointDep29;Dep139;1;
JointDep29;Dep140;2;
JointDep30;Dep152;1;
JointDep30;Dep153;2;
JointDep31;Dep155;1;
JointDep31;Dep156;2;
JointDep32;Dep161;1;
JointDep32;Dep162;2;
JointDep33;Dep167;1;
JointDep33;Dep168;2;
JointDep34;Dep172;1;
JointDep34;Dep173;2;
JointDep35;Dep175;1;
JointDep35;Dep176;2;
JointDep36;Dep178;1;
JointDep36;Dep179;2;
JointDep37;Dep193;1;
JointDep37;Dep194;2;
JointDep38;Dep200;1;
JointDep38;Dep201;2;
JointDep39;Dep221;1;
JointDep39;Dep222;2;
JointDep40;Dep228;1;
JointDep40;Dep229;2;
JointDep41;Dep237;1;
JointDep41;Dep238;2;
JointDep42;Dep249;1;
JointDep42;Dep250;2;
JointDep43;Dep251;1;
JointDep43;Dep252;2;
JointDep44;Dep260;1;
JointDep44;Dep261;2;
JointDep45;Dep265;1;
JointDep45;Dep266;2;
JointDep46;Dep268;1;
JointDep46;Dep269;2;
JointDep47;Dep271;1;
JointDep47;Dep272;2;
JointDep48;Dep275;1;
JointDep48;Dep276;2;
JointDep49;Dep278;1;
JointDep49;Dep279;2;
JointDep50;Dep283;1;
JointDep50;Dep284;2;
JointDep51;Dep286;1;
JointDep51;Dep287;2;
JointDep52;Dep290;1;
JointDep52;Dep291;2;
JointDep53;Dep294;1;
JointDep53;Dep295;2;
JointDep54;Dep297;1;
JointDep54;Dep298;2;
JointDep55;Dep299;1;
JointDep55;Dep300;2;
JointDep56;Dep305;1;
JointDep56;Dep306;2;
JointDep57;Dep309;1;
JointDep57;Dep310;2;
JointDep58;Dep312;1;
JointDep58;Dep313;2;
JointDep59;Dep315;1;
JointDep59;Dep316;2;
JointDep60;Dep318;1;
JointDep60;Dep319;2;
JointDep61;Dep327;1;
JointDep61;Dep328;2;
JointDep62;Dep331;1;
JointDep62;Dep332;2;
JointDep63;Dep337;1;
JointDep63;Dep338;2;
JointDep64;Dep343;1;
JointDep64;Dep344;2;
JointDep65;Dep348;1;
JointDep65;Dep349;2;
JointDep66;Dep351;1;
JointDep66;Dep352;2;
JointDep67;Dep354;1;
JointDep67;Dep355;2;
JointDep68;Dep370;1;
JointDep68;Dep371;2;
JointDep69;Dep376;1;
JointDep69;Dep377;2;
JointDep70;Dep395;1;
JointDep70;Dep396;2;
JointDep71;Dep398;1;
JointDep71;Dep399;2;
JointDep72;Dep413;1;
JointDep72;Dep414;2;
JointDep73;Dep426;1;
JointDep73;Dep427;2;
JointDep74;Dep428;1;
JointDep74;Dep429;2;
JointDep75;Dep439;1;
JointDep75;Dep440;2;
JointDep76;Dep444;1;
JointDep76;Dep445;2;
JointDep77;Dep447;1;
JointDep77;Dep448;2;
JointDep78;Dep451;1;
JointDep78;Dep452;2;
JointDep79;Dep453;1;
JointDep79;Dep454;2;
JointDep80;Dep457;1;
JointDep80;Dep458;2;
JointDep81;Dep462;1;
JointDep81;Dep463;2;
JointDep82;Dep464;1;
JointDep82;Dep465;2;
JointDep83;Dep468;1;
JointDep83;Dep469;2;
JointDep84;Dep471;1;
JointDep84;Dep472;2;
JointDep85;Dep475;1;
JointDep85;Dep476;2;
JointDep86;Dep482;1;
JointDep86;Dep483;2;
JointDep87;Dep486;1;
JointDep87;Dep487;2;
JointDep88;Dep489;1;
JointDep88;Dep490;2;
JointDep89;Dep492;1;
JointDep89;Dep493;2;
JointDep90;Dep495;1;
JointDep90;Dep496;2;
JointDep91;Dep505;1;
JointDep91;Dep506;2;
JointDep92;Dep509;1;
JointDep92;Dep510;2;
JointDep93;Dep516;1;
JointDep93;Dep517;2;
JointDep94;Dep521;1;
JointDep94;Dep522;2;
JointDep95;Dep525;1;
JointDep95;Dep526;2;
JointDep96;Dep529;1;
JointDep96;Dep530;2;
JointDep97;Dep532;1;
JointDep97;Dep533;2;
JointDep98;Dep547;1;
JointDep98;Dep548;2;
JointDep99;Dep554;1;
JointDep99;Dep555;2;
JointDep100;Dep573;1;
JointDep100;Dep574;2;
JointDep101;Dep576;1;
JointDep101;Dep577;2;
JointDep102;Dep591;1;
JointDep102;Dep592;2;
JointDep103;Dep603;1;
JointDep103;Dep604;2;
JointDep104;Dep606;1;
JointDep104;Dep607;2;
JointDep105;Dep616;1;
JointDep105;Dep617;2;
JointDep106;Dep624;1;
JointDep106;Dep625;2;
JointDep107;Dep627;1;
JointDep107;Dep628;2;
JointDep108;Dep631;1;
JointDep108;Dep632;2;
JointDep109;Dep633;1;
JointDep109;Dep634;2;
JointDep110;Dep643;1;
JointDep110;Dep644;2;
JointDep111;Dep645;1;
JointDep111;Dep646;2;
JointDep112;Dep650;1;
JointDep112;Dep651;2;
JointDep113;Dep654;1;
JointDep113;Dep655;2;
JointDep114;Dep657;1;
JointDep114;Dep658;2;
JointDep115;Dep659;1;
JointDep115;Dep660;2;
JointDep116;Dep665;1;
JointDep116;Dep666;2;
JointDep117;Dep671;1;
JointDep117;Dep672;2;
JointDep118;Dep673;1;
JointDep118;Dep674;2;
JointDep119;Dep676;1;
JointDep119;Dep677;2;
JointDep120;Dep679;1;
JointDep120;Dep680;2;
JointDep121;Dep690;1;
JointDep121;Dep691;2;
JointDep122;Dep694;1;
JointDep122;Dep695;2;
JointDep123;Dep699;1;
JointDep123;Dep700;2;
JointDep124;Dep705;1;
JointDep124;Dep706;2;
JointDep125;Dep709;1;
JointDep125;Dep710;2;
JointDep126;Dep712;1;
JointDep126;Dep713;2;
JointDep127;Dep714;1;
JointDep127;Dep715;2;
JointDep128;Dep717;1;
JointDep128;Dep718;2;
JointDep129;Dep733;1;
JointDep129;Dep734;2;
JointDep130;Dep740;1;
JointDep130;Dep741;2;
JointDep131;Dep758;1;
JointDep131;Dep759;2;
JointDep132;Dep761;1;
JointDep132;Dep762;2;
JointDep133;Dep768;1;
JointDep133;Dep769;2;
JointDep134;Dep770;1;
JointDep134;Dep771;2;
JointDep135;Dep777;1;
JointDep135;Dep778;2;
JointDep136;Dep781;1;
JointDep136;Dep782;2;
JointDep137;Dep791;1;
JointDep137;Dep792;2;
JointDep138;Dep793;1;
JointDep138;Dep794;2;
JointDep139;Dep796;1;
JointDep139;Dep797;2;
JointDep140;Dep798;1;
JointDep140;Dep799;2;
JointDep141;Dep809;1;
JointDep141;Dep810;2;
JointDep142;Dep815;1;
JointDep142;Dep816;2;
JointDep143;Dep817;1;
JointDep143;Dep818;2;
JointDep144;Dep820;1;
JointDep144;Dep821;2;
JointDep145;Dep824;1;
JointDep145;Dep825;2;
JointDep146;Dep829;1;
JointDep146;Dep830;2;
JointDep147;Dep831;1;
JointDep147;Dep832;2;
JointDep148;Dep833;1;
JointDep148;Dep834;2;
JointDep149;Dep841;1;
JointDep149;Dep842;2;
JointDep150;Dep843;1;
JointDep150;Dep844;2;
JointDep151;Dep849;1;
JointDep151;Dep850;2;
JointDep152;Dep851;1;
JointDep152;Dep852;2;
JointDep153;Dep856;1;
JointDep153;Dep857;2;
JointDep154;Dep858;1;
JointDep154;Dep859;2;
JointDep155;Dep863;1;
JointDep155;Dep864;2;
JointDep156;Dep868;1;
JointDep156;Dep869;2;
JointDep157;Dep870;1;
JointDep157;Dep871;2;
JointDep158;Dep875;1;
JointDep158;Dep876;2;
JointDep159;Dep882;1;
JointDep159;Dep883;2;
JointDep160;Dep890;1;
JointDep160;Dep891;2;
JointDep161;Dep893;1;
JointDep161;Dep894;2;
JointDep162;Dep902;1;
JointDep162;Dep903;2;
JointDep163;Dep904;1;
JointDep163;Dep905;2;
JointDep164;Dep909;1;
JointDep164;Dep910;2;
JointDep165;Dep915;1;
JointDep165;Dep916;2;
JointDep166;Dep919;1;
JointDep166;Dep920;2;
JointDep167;Dep926;1;
JointDep167;Dep927;2;
JointDep168;Dep929;1;
JointDep168;Dep930;2;
JointDep169;Dep936;1;
JointDep169;Dep937;2;
JointDep170;Dep940;1;
JointDep170;Dep941;2;
JointDep171;Dep946;1;
JointDep171;Dep947;2;
JointDep172;Dep952;1;
JointDep172;Dep953;2;
JointDep173;Dep960;1;
JointDep173;Dep961;2;
JointDep174;Dep967;1;
JointDep174;Dep968;2;
JointDep175;Dep977;1;
JointDep175;Dep978;2;
JointDep176;Dep980;1;
JointDep176;Dep981;2;
JointDep177;Dep988;1;
JointDep177;Dep989;2;
JointDep178;Dep990;1;
JointDep178;Dep991;2;
JointDep179;Dep992;1;
JointDep179;Dep993;2;
JointDep180;Dep998;1;
JointDep180;Dep999;2;
JointDep181;Dep1000;1;
JointDep181;Dep1001;2;
JointDep182;Dep1007;1;
JointDep182;Dep1008;2;
JointDep183;Dep1011;1;
JointDep183;Dep1012;2;
JointDep184;Dep1013;1;
JointDep184;Dep1014;2;
JointDep185;Dep1017;1;
JointDep185;Dep1018;2;
JointDep186;Dep1019;1;
JointDep186;Dep1020;2;
JointDep187;Dep1024;1;
JointDep187;Dep1025;2;
JointDep188;Dep1026;1;
JointDep188;Dep1027;2;
JointDep189;Dep1035;1;
JointDep189;Dep1036;2;
JointDep190;Dep1038;1;
JointDep190;Dep1039;2;
JointDep191;Dep1044;1;
JointDep191;Dep1045;2;
JointDep192;Dep1053;1;
JointDep192;Dep1054;2;
JointDep193;Dep1055;1;
JointDep193;Dep1056;2;
JointDep194;Dep1058;1;
JointDep194;Dep1059;2;
JointDep195;Dep1062;1;
JointDep195;Dep1063;2;
JointDep196;Dep1067;1;
JointDep196;Dep1068;2;
JointDep197;Dep1071;1;
JointDep197;Dep1072;2;
JointDep198;Dep1076;1;
JointDep198;Dep1077;2;
JointDep199;Dep1080;1;
JointDep199;Dep1081;2;
JointDep200;Dep1087;1;
JointDep200;Dep1088;2;
JointDep201;Dep1090;1;
JointDep201;Dep1091;2;
JointDep202;Dep1093;1;
JointDep202;Dep1094;2;
JointDep203;Dep1097;1;
JointDep203;Dep1098;2;
JointDep204;Dep1104;1;
JointDep204;Dep1105;2;
JointDep205;Dep1106;1;
JointDep205;Dep1107;2;
JointDep206;Dep1117;1;
JointDep206;Dep1118;2;
JointDep207;Dep1128;1;
JointDep207;Dep1129;2;
JointDep208;Dep1130;1;
JointDep208;Dep1131;2;
JointDep209;Dep1132;1;
JointDep209;Dep1133;2;
JointDep210;Dep1138;1;
JointDep210;Dep1139;2;
JointDep211;Dep1140;1;
JointDep211;Dep1141;2;
JointDep212;Dep1142;1;
JointDep212;Dep1143;2;
JointDep213;Dep1149;1;
JointDep213;Dep1150;2;
JointDep214;Dep1151;1;
JointDep214;Dep1152;2;
JointDep215;Dep1155;1;
JointDep215;Dep1156;2;
JointDep216;Dep1160;1;
JointDep216;Dep1161;2;
JointDep217;Dep1165;1;
JointDep217;Dep1166;2;
JointDep218;Dep1168;1;
JointDep218;Dep1169;2;
JointDep219;Dep1176;1;
JointDep219;Dep1177;2;
JointDep220;Dep1178;1;
JointDep220;Dep1179;2;
JointDep221;Dep1185;1;
JointDep221;Dep1186;2;
JointDep222;Dep1187;1;
JointDep222;Dep1188;2;
JointDep223;Dep1189;1;
JointDep223;Dep1190;2;
JointDep224;Dep1194;1;
JointDep224;Dep1195;2;
JointDep225;Dep1198;1;
JointDep225;Dep1199;2;
JointDep226;Dep1200;1;
JointDep226;Dep1201;2;
JointDep227;Dep1204;1;
JointDep227;Dep1205;2;
JointDep228;Dep1210;1;
JointDep228;Dep1211;2;
JointDep229;Dep1212;1;
JointDep229;Dep1213;2;
JointDep230;Dep1216;1;
JointDep230;Dep1217;2;
JointDep231;Dep1218;1;
JointDep231;Dep1219;2;
JointDep232;Dep1220;1;
JointDep232;Dep1221;2;
JointDep233;Dep1222;1;
JointDep233;Dep1223;2;
JointDep234;Dep1224;1;
JointDep234;Dep1225;2;
JointDep235;Dep1226;1;
JointDep235;Dep1227;2;
JointDep236;Dep1229;1;
JointDep236;Dep1230;2;
JointDep237;Dep1233;1;
JointDep237;Dep1234;2;
